"Phylum","Class","Subclass","Order","Suborder","Superfamily","Family","Subfamily","Tribe","Genus","Species","Final VA Family ID","FinalID","TolVal","FFG","Habit","FamFFG","FamTolVal","FamHabit"
"Arthropoda","Insecta",,"Diptera",,,"Culicidae",,,"Aedes",,"Culicidae","Aedes",8,"Filterer","Swimmer","Filterer",8,"Swimmer"
"Arthropoda","Insecta",,"Odonata","Anisoptera",,"Aeshnidae",,,"Aeshna",,"Aeshnidae","Aeshna",6,"Predator","Climber","Predator",3,"Climber"
"Arthropoda","Insecta",,"Coleoptera",,,"Dytiscidae",,,"Agabetes","Agabetes acuductus","Dytiscidae","Agabetes acuductus",,"Predator",,"Predator",6,"Swimmer"
"Arthropoda","Insecta",,"Coleoptera",,,"Dytiscidae","Agabinae","Agabini","Agabus",,"Dytiscidae","Agabus",,"Predator","Swimmer","Predator",6,"Swimmer"
"Arthropoda","Insecta",,"Trichoptera",,,"Glossosomatidae","Agapetinae",,"Agapetus",,"Glossosomatidae","Agapetus",3.78,"Scraper","Clinger","Scraper",0,"Clinger"
"Arthropoda","Insecta",,"Trichoptera",,,"Sericostomatidae",,,"Agarodes",,"Sericostomatidae","Agarodes",,"Shredder","Sprawler","Shredder",1,"Sprawler"
"Arthropoda","Insecta",,"Plecoptera",,,"Perlidae","Perlinae","Perlini","Agnetina",,"Perlidae","Agnetina",3.6,"Predator","Clinger","Predator",1,"Clinger"
"Arthropoda","Insecta",,"Trichoptera",,,"Hydroptilidae","Hydroptilinae",,"Agraylea",,"Hydroptilidae","Agraylea",,,"Climber","Scraper",6,"Clinger"
"Arthropoda","Insecta",,"Trichoptera",,,"Phryganeidae","Phryganeinae",,"Agrypnia",,"Phryganeidae","Agrypnia",,"Shredder","Climber","Shredder",4,"Climber"
"Arthropoda","Insecta",,"Plecoptera",,,"Capniidae","Capniinae",,"Allocapnia",,"Capniidae","Allocapnia",5.4,"Shredder","Clinger","Shredder",1,
"Arthropoda","Insecta",,"Diptera",,,"Stratiomyidae",,,"Allognosta",,"Stratiomyidae","Allognosta",,"Collector","Sprawler","Collector",10,"Sprawler"
"Arthropoda","Insecta",,"Plecoptera",,,"Chloroperlidae","Chloroperlinae",,"Alloperla",,"Chloroperlidae","Alloperla",4.67,"Predator","Clinger","Predator",1,"Clinger"
"Arthropoda","Insecta",,"Diptera",,,"Ceratopogonidae","Ceratopogoninae",,"Alluaudomyia",,"Ceratopogonidae","Alluaudomyia",6,"Predator","Burrower","Predator",6,"Burrower"
"Arthropoda","Insecta",,"Odonata","Zygoptera",,"Coenagrionidae",,,"Amphiagrion",,"Coenagrionidae","Amphiagrion",,"Predator","Climber","Predator",9,"Climber"
"Arthropoda","Insecta",,"Plecoptera",,,"Nemouridae","Amphinemurinae",,"Amphinemura",,"Nemouridae","Amphinemura",4.8,"Shredder","Sprawler","Shredder",2,"Sprawler"
"Arthropoda","Insecta",,"Ephemeroptera",,,"Ameletidae",,,"Ameletus",,"Ameletidae","Ameletus",4.4,"Collector","Swimmer","Collector",1,"Swimmer"
"Arthropoda","Insecta",,"Ephemeroptera",,,"Caenidae",,,"Amercaenis",,"Caenidae","Amercaenis",,"Collector","Sprawler","Collector",4,"Sprawler"
"Arthropoda","Insecta",,"Hemiptera",,,"Belostomatidae",,,"Abedus",,"Belostomatidae","Abedus",,"Predator","Climber","Predator",6,"Climber"
"Arthropoda","Insecta",,"Ephemeroptera",,,"Baetidae",,,"Acentrella",,"Baetidae","Acentrella",4.4,"Collector","Swimmer","Collector",4,"Swimmer"
"Arthropoda","Insecta",,"Ephemeroptera",,,"Baetidae",,,"Acerpenna",,"Baetidae","Acerpenna",4.4,"Collector","Swimmer","Collector",4,"Swimmer"
"Arthropoda","Insecta",,"Coleoptera",,,"Dytiscidae","Dytiscinae",,"Acilius",,"Dytiscidae","Acilius",,"Predator","Swimmer","Predator",6,"Swimmer"
"Arthropoda","Insecta",,"Plecoptera",,,"Perlidae","Acroneuriinae","Acroneuriini","Acroneuria",,"Perlidae","Acroneuria",4.2,"Predator","Clinger","Predator",1,"Clinger"
"Arthropoda","Insecta",,"Odonata","Zygoptera",,"Coenagrionidae",,,"Argia",,"Coenagrionidae","Argia",6.4,"Predator","Clinger","Predator",9,"Climber"
"Arthropoda","Insecta",,"Odonata","Anisoptera",,"Gomphidae",,,"Arigomphus",,"Gomphidae","Arigomphus",6,"Predator","Burrower","Predator",1,"Burrower"
"Arthropoda","Insecta",,"Ephemeroptera",,,"Leptohyphidae",,,"Asioplax",,"Leptohyphidae","Asioplax dolani",,"Collector","Sprawler","Collector",4,"Sprawler"
"Arthropoda","Insecta",,"Diptera",,,"Athericidae",,,"Atherix",,"Athericidae","Atherix",4.6,"Predator","Sprawler","Predator",2,"Sprawler"
"Arthropoda","Insecta",,"Trichoptera",,,"Limnephilidae","Limnephilinae",,"Anabolia",,"Limnephilidae","Anabolia",,"Shredder","Climber","Shredder",4,
"Arthropoda","Insecta",,"Coleoptera",,,"Hydrophilidae",,,"Anacaena",,"Hydrophilidae","Anacaena",,,"Burrower","Predator",5,
"Arthropoda","Insecta",,"Odonata","Anisoptera",,"Aeshnidae",,,"Anax",,"Aeshnidae","Anax",6,"Predator","Climber","Predator",3,"Climber"
"Arthropoda","Insecta",,"Coleoptera",,,"Ptilodactylidae",,,"Anchytarsus",,"Ptilodactylidae","Anchytarsus bicolor",5.6,"Shredder","Clinger","Shredder",5,"Clinger"
"Arthropoda","Insecta",,"Coleoptera",,,"Elmidae",,,"Ancyronyx","Ancyronyx variegatus","Elmidae","Ancyronyx variegatus",6.2,"Collector","Clinger","Scraper",4,"Clinger"
"Arthropoda","Insecta",,"Trichoptera",,,"Calamoceratidae",,,"Anisocentropus","Anisocentropus pyraloides","Calamoceratidae","Anisocentropus pyraloides",,"Shredder","Sprawler","Shredder",2,"Sprawler"
"Arthropoda","Insecta",,"Diptera",,,"Culicidae",,,"Anopheles",,"Culicidae","Anopheles",5.43,"Filterer","Swimmer","Filterer",8,"Swimmer"
"Arthropoda","Insecta",,"Ephemeroptera",,,"Potamanthidae",,,"Anthopotamus",,"Potamanthidae","Anthopotamus",4,"Collector","Burrower","Collector",4,"Burrower"
"Arthropoda","Insecta",,"Diptera",,,"Tipulidae","Limoniinae",,"Antocha",,"Tipulidae","Antocha",5.8,"Collector","Clinger","Shredder",3,"Burrower"
"Arthropoda","Insecta",,"Trichoptera",,,"Apataniidae",,,"Apatania",,"Apataniidae","Apatania",2.44,"Scraper","Clinger","Scraper",1,
"Arthropoda","Insecta",,"Odonata","Anisoptera",,"Gomphidae",,,"Aphylla","Aphylla williamsoni","Gomphidae","Aphylla williamsoni",,"Predator","Burrower","Predator",1,"Burrower"
"Arthropoda","Insecta",,"Trichoptera",,,"Hydropsychidae",,,"Arctopsyche",,"Hydropsychidae","Arctopsyche",,"Filterer","Clinger","Filterer",6,"Clinger"
"Arthropoda","Insecta",,"Odonata","Anisoptera",,"Aeshnidae",,,"Boyeria",,"Aeshnidae","Boyeria",5.8,"Predator","Climber","Predator",3,"Climber"
"Arthropoda","Insecta",,"Trichoptera",,,"Brachycentridae",,,"Brachycentrus",,"Brachycentridae","Brachycentrus",4.4,"Filterer","Clinger","Filterer",1,"Clinger"
"Arthropoda","Insecta",,"Ephemeroptera",,,"Caenidae",,,"Brachycercus",,"Caenidae","Brachycercus",,"Collector","Sprawler","Collector",4,"Sprawler"
"Arthropoda","Insecta",,"Diptera",,,"Tipulidae","Tipulinae",,"Brachypremna",,"Tipulidae","Brachypremna",6,,"Burrower","Shredder",3,"Burrower"
"Arthropoda","Insecta",,"Hemiptera",,,"Notonectidae",,,"Buenoa",,"Notonectidae","Buenoa",,"Predator","Swimmer","Predator",5,"Swimmer"
"Arthropoda","Insecta",,"Diptera",,,"Ceratopogonidae","Forcipomyiinae",,"Atrichopogon",,"Ceratopogonidae","Atrichopogon",5.96,"Collector","Sprawler","Predator",6,"Burrower"
"Arthropoda","Insecta",,"Plecoptera",,,"Perlidae",,,"Attaneuria","Attaneuria ruralis","Perlidae","Attaneuria ruralis",,"Predator",,"Predator",1,"Clinger"
"Arthropoda","Insecta",,"Ephemeroptera",,,"Ephemerellidae",,,"Attenella",,"Ephemerellidae","Attenella",4.8,"Collector","Clinger","Collector",4,"Clinger"
"Arthropoda","Insecta",,"Ephemeroptera",,,"Baetidae",,,"Baetis",,"Baetidae","Baetis",6.4,"Collector","Swimmer","Collector",4,"Swimmer"
"Arthropoda","Insecta",,"Ephemeroptera",,,"Baetiscidae",,,"Baetisca",,"Baetiscidae","Baetisca",4.8,"Collector","Sprawler","Collector",3,"Sprawler"
"Arthropoda","Insecta",,"Coleoptera",,,"Curculionidae",,,"Bagous",,"Curculionidae","Bagous",,"Shredder",,"Shredder",5,
"Arthropoda","Insecta",,"Trichoptera",,,"Phryganeidae",,,"Banksiola",,"Phryganeidae","Banksiola",,"Shredder","Climber","Shredder",4,"Climber"
"Arthropoda","Insecta",,"Ephemeroptera",,,"Baetidae",,,"Barbaetis","Barbaetis benfieldi","Baetidae","Barbaetis benfieldi",,"Collector","Swimmer","Collector",4,"Swimmer"
"Arthropoda","Insecta",,"Odonata","Anisoptera",,"Aeshnidae",,,"Basiaeschna","Basiaeschna janata","Aeshnidae","Basiaeschna janata",,"Predator","Climber","Predator",3,"Climber"
"Arthropoda","Insecta",,"Plecoptera",,,"Perlidae","Acroneuriinae","Acroneuriini","Beloneuria",,"Perlidae","Beloneuria",,"Predator","Clinger","Predator",1,"Clinger"
"Arthropoda","Insecta",,"Hemiptera",,,"Belostomatidae",,,"Belostoma",,"Belostomatidae","Belostoma",,"Predator","Climber","Predator",6,"Climber"
"Arthropoda","Insecta",,"Trichoptera",,,"Beraeidae",,,"Beraea",,"Beraeidae","Beraea",,"Collector","Sprawler","Collector",,"Sprawler"
"Arthropoda","Insecta",,"Coleoptera",,,"Hydrophilidae",,,"Berosus",,"Hydrophilidae","Berosus",5.8,"Collector","Swimmer","Predator",5,
"Arthropoda","Insecta",,"Diptera",,,"Ceratopogonidae","Ceratopogoninae","Palpomyiini","Bezzia",,"Ceratopogonidae","Bezzia",5.8,"Predator","Burrower","Predator",6,"Burrower"
"Arthropoda","Insecta",,"Coleoptera",,,"Dytiscidae",,,"Bidessonotus",,"Dytiscidae","Bidessonotus",,"Predator",,"Predator",6,"Swimmer"
"Arthropoda","Insecta",,"Coleoptera",,,"Dytiscidae",,,"Bidessus",,"Dytiscidae","Bidessus",,,,"Predator",6,"Swimmer"
"Arthropoda","Insecta",,"Diptera",,,"Ptychopteridae",,,"Bittacomorpha",,"Ptychopteridae","Bittacomorpha",8,"Collector","Burrower","Collector",8,"Burrower"
"Arthropoda","Insecta",,"Diptera",,,"Blephariceridae",,,"Blepharicera",,"Blephariceridae","Blepharicera",2.2,"Scraper","Clinger","Scraper",0,"Clinger"
"Arthropoda","Insecta",,"Trichoptera",,,"Leptoceridae","Leptocerinae",,"Ceraclea",,"Leptoceridae","Ceraclea",4.4,"Collector","Climber","Collector",4,
"Arthropoda","Insecta",,"Diptera",,,"Ceratopogonidae","Ceratopogoninae",,"Ceratopogon",,"Ceratopogonidae","Ceratopogon",6,"Predator","Burrower","Predator",6,"Burrower"
"Arthropoda","Insecta",,"Trichoptera",,,"Hydropsychidae","Hydropsychinae",,"Ceratopsyche",,"Hydropsychidae","Ceratopsyche",,"Filterer","Clinger","Filterer",6,"Clinger"
"Arthropoda","Insecta",,"Ephemeroptera",,,"Caenidae",,,"Cercobrachys",,"Caenidae","Cercobrachys",,"Collector","Sprawler","Collector",4,"Sprawler"
"Arthropoda","Insecta",,"Trichoptera",,,"Polycentropodidae","Polycentropodinae",,"Cernotina",,"Polycentropodidae","Cernotina",,"Predator","Clinger","Filterer",6,"Clinger"
"Arthropoda","Insecta",,"Coleoptera",,,"Hydrophilidae",,,"Chaetarthria",,"Hydrophilidae","Chaetarthria",,,"Climber","Predator",5,
"Arthropoda","Insecta",,"Ephemeroptera",,,"Caenidae",,,"Caenis",,"Caenidae","Caenis",7,"Collector","Sprawler","Collector",4,"Sprawler"
"Arthropoda","Insecta",,"Ephemeroptera",,,"Baetidae",,,"Callibaetis",,"Baetidae","Callibaetis",6,"Collector","Swimmer","Collector",4,"Swimmer"
"Arthropoda","Malacostraca",,"Decapoda",,,"Portunidae",,,"Callinectes","Callinectes sapidus","Portunidae","Callinectes sapidus",,"Collector",,,6,
"Arthropoda","Insecta",,"Diptera",,,"Stratiomyidae","Stratiomyinae",,"Caloparyphus",,"Stratiomyidae","Caloparyphus",,"Collector","Sprawler","Collector",10,"Sprawler"
"Arthropoda","Insecta",,"Odonata","Zygoptera",,"Calopterygidae",,,"Calopteryx",,"Calopterygidae","Calopteryx",8.27,"Predator","Climber","Predator",5,"Climber"
"Arthropoda","Malacostraca",,"Decapoda",,,"Cambaridae","Cambarinae",,"Cambarus",,"Cambaridae","Cambarus",,"Collector",,"Shredder",5,
"Arthropoda","Insecta",,"Coleoptera",,,"Dytiscidae","Hydroporinae",,"Celina",,"Dytiscidae","Celina",,"Predator","Swimmer","Predator",6,"Swimmer"
"Arthropoda","Insecta",,"Odonata","Anisoptera",,"Libellulidae",,,"Celithemis",,"Libellulidae","Celithemis",6,"Predator","Climber","Predator",9,"Sprawler"
"Arthropoda","Insecta",,"Hemiptera",,,"Corixidae",,,"Cenocorixa",,"Corixidae","Cenocorixa",,"Predator","Swimmer","Predator",5,"Swimmer"
"Arthropoda","Insecta",,"Ephemeroptera",,,"Baetidae",,,"Centroptilum",,"Baetidae","Centroptilum",4.6,"Collector","Swimmer","Collector",4,"Swimmer"
"Arthropoda","Insecta",,"Neuroptera",,,"Sisyridae",,,"Climacia",,"Sisyridae","Climacia",,"Predator","Climber","Predator",3,"Climber"
"Arthropoda","Insecta",,"Diptera",,,"Empididae","Clinocerinae",,"Clinocera",,"Empididae","Clinocera",5.8,"Predator","Clinger","Predator",6,"Sprawler"
"Arthropoda","Insecta",,"Plecoptera",,,"Perlodidae","Isoperlinae",,"Clioperla","Clioperla clio","Perlodidae","Clioperla clio",4.25,,"Clinger","Predator",2,"Clinger"
"Arthropoda","Insecta",,"Ephemeroptera",,,"Baetidae",,,"Cloeon",,"Baetidae","Cloeon",6,"Collector","Swimmer","Collector",4,"Swimmer"
"Arthropoda","Insecta",,"Diptera",,,"Simuliidae",,"Prosimuliini","Cnephia",,"Simuliidae","Cnephia",,"Filterer","Clinger","Filterer",6,"Clinger"
"Arthropoda","Insecta",,"Odonata","Zygoptera",,"Coenagrionidae",,,"Coenagrion",,"Coenagrionidae","Coenagrion",6,"Predator","Climber","Predator",9,"Climber"
"Arthropoda","Insecta",,"Coleoptera",,,"Dytiscidae","Colymbetinae",,"Colymbetes",,"Dytiscidae","Colymbetes",,"Predator","Swimmer","Predator",6,"Swimmer"
"Arthropoda","Insecta",,"Coleoptera",,,"Dytiscidae",,"Copelatini","Copelatus",,"Dytiscidae","Copelatus",,"Predator","Swimmer","Predator",6,"Swimmer"
"Arthropoda","Insecta",,"Coleoptera",,,"Dytiscidae",,,"Coptotomus",,"Dytiscidae","Coptotomus",,"Predator",,"Predator",6,"Swimmer"
"Mollusca","Pelecypoda",,"Veneroida",,,"Corbiculidae",,,"Corbicula",,"Corbiculidae","Corbicula",8.2,"Filterer","Sprawler","Filterer",8,"Sprawler"
"Arthropoda","Insecta",,"Odonata","Anisoptera",,"Cordulegastridae",,,"Cordulegaster",,"Cordulegastridae","Cordulegaster",5.56,"Predator","Burrower","Predator",3,"Burrower"
"Arthropoda","Insecta",,"Diptera",,,"Chaoboridae","Chaoborinae",,"Chaoborus",,"Chaoboridae","Chaoborus",,"Predator","Swimmer","Predator",7,"Swimmer"
"Arthropoda","Insecta",,"Megaloptera",,,"Corydalidae","Chauliodinae",,"Chauliodes",,"Corydalidae","Chauliodes",6,"Predator","Clinger","Predator",5,"Clinger"
"Arthropoda","Insecta",,"Diptera",,,"Empididae","Hemerodromiinae","Hemerodromiini","Chelifera",,"Empididae","Chelifera",7.42,"Collector","Sprawler","Predator",6,"Sprawler"
"Arthropoda","Insecta",,"Diptera",,,"Empididae",,,"Chelipoda",,"Empididae","Chelipoda",,,,"Predator",6,"Sprawler"
"Arthropoda","Insecta",,"Trichoptera",,,"Hydropsychidae","Hydropsychinae",,"Cheumatopsyche",,"Hydropsychidae","Cheumatopsyche",7.6,"Filterer","Clinger","Filterer",6,"Clinger"
"Arthropoda","Insecta",,"Trichoptera",,,"Philopotamidae","Chimarrinae",,"Chimarra",,"Philopotamidae","Chimarra",6.6,"Filterer","Clinger","Collector",3,"Clinger"
"Arthropoda","Insecta",,"Ephemeroptera",,,"Leptophlebiidae",,,"Choroterpes","Choroterpes basalis","Leptophlebiidae","Choroterpes basalis",,"Collector","Clinger","Collector",2,"Swimmer"
"Arthropoda","Insecta",,"Odonata","Zygoptera",,"Coenagrionidae",,,"Chromagrion","Chromagrion conditum","Coenagrionidae","Chromagrion conditum",,"Predator","Climber","Predator",9,"Climber"
"Arthropoda","Insecta",,"Diptera",,,"Tabanidae",,,"Chrysops",,"Tabanidae","Chrysops",5.96,"Predator","Sprawler","Predator",6,"Sprawler"
"Arthropoda","Insecta",,"Ephemeroptera",,,"Heptageniidae",,,"Cinygmula",,"Heptageniidae","Cinygmula",3.2,"Scraper","Clinger","Scraper",4,"Clinger"
"Arthropoda","Insecta",,"Coleoptera",,,"Hydrophilidae",,,"Cymbiodyta",,"Hydrophilidae","Cymbiodyta",,,"Burrower","Predator",5,
"Arthropoda","Insecta",,"Coleoptera",,,"Scirtidae",,,"Cyphon",,"Scirtidae","Cyphon",,,,,,
"Arthropoda","Insecta",,"Trichoptera",,,"Polycentropodidae",,,"Cyrnellus","Cyrnellus fraternus","Polycentropodidae","Cyrnellus fraternus",4.5,"Filterer","Clinger","Filterer",6,"Clinger"
"Arthropoda","Insecta",,"Diptera",,,"Tipulidae",,,"Dactylolabis",,"Tipulidae","Dactylolabis",,,"Burrower","Shredder",3,"Burrower"
"Arthropoda","Insecta",,"Ephemeroptera",,,"Ephemerellidae",,,"Dannella",,"Ephemerellidae","Dannella",4.2,"Collector","Clinger","Collector",4,"Clinger"
"Arthropoda","Insecta",,"Diptera",,,"Ceratopogonidae","Dasyheleinae",,"Dasyhelea",,"Ceratopogonidae","Dasyhelea",4.67,"Collector","Sprawler","Predator",6,"Burrower"
"Arthropoda","Insecta",,"Megaloptera",,,"Corydalidae","Corydalinae",,"Corydalus",,"Corydalidae","Corydalus",6.6,"Predator","Clinger","Predator",5,"Clinger"
"Arthropoda","Malacostraca",,"Amphipoda",,,"Crangonyctidae",,,"Crangonyx",,"Crangonyctidae","Crangonyx",9.51,"Collector","Swimmer","Collector",6,"Swimmer"
"Arthropoda","Insecta",,"Coleoptera",,,"Hydrophilidae",,,"Crenitis",,"Hydrophilidae","Crenitis",,"Predator","Burrower","Predator",5,
"Arthropoda","Insecta",,"Diptera",,,"Tipulidae","Limoniinae","Eriopterini","Cryptolabis",,"Tipulidae","Cryptolabis",4.5,,"Burrower","Shredder",3,"Burrower"
"Arthropoda","Insecta",,"Diptera",,,"Culicidae",,,"Culex",,"Culicidae","Culex",8,"Filterer","Swimmer","Filterer",8,"Swimmer"
"Arthropoda","Insecta",,"Diptera",,,"Ceratopogonidae","Ceratopogoninae",,"Culicoides",,"Ceratopogonidae","Culicoides",6,"Predator","Burrower","Predator",6,"Burrower"
"Arthropoda","Insecta",,"Trichoptera",,,"Glossosomatidae","Protoptilinae",,"Culoptila",,"Glossosomatidae","Culoptila",,"Scraper","Clinger","Scraper",0,"Clinger"
"Arthropoda","Insecta",,"Plecoptera",,,"Perlodidae","Perlodinae","Diploperlini","Cultus",,"Perlodidae","Cultus",4,"Predator","Clinger","Predator",2,"Clinger"
"Arthropoda","Insecta",,"Coleoptera",,,"Dytiscidae","Dytiscinae",,"Cybister",,"Dytiscidae","Cybister",,"Predator","Swimmer","Predator",6,"Swimmer"
"Arthropoda","Insecta",,"Coleoptera",,,"Hydrophilidae",,,"Enochrus",,"Hydrophilidae","Enochrus",,,"Burrower","Predator",5,
"Arthropoda","Insecta",,"Ephemeroptera",,,"Heptageniidae",,,"Epeorus",,"Heptageniidae","Epeorus",4,"Scraper","Clinger","Scraper",4,"Clinger"
"Arthropoda","Insecta",,"Ephemeroptera",,,"Ephemeridae",,,"Ephemera",,"Ephemeridae","Ephemera",3.78,"Collector","Burrower","Collector",4,"Burrower"
"Arthropoda","Insecta",,"Ephemeroptera",,,"Ephemerellidae",,,"Ephemerella",,"Ephemerellidae","Ephemerella",4.2,"Collector","Clinger","Collector",4,"Clinger"
"Arthropoda","Insecta",,"Ephemeroptera",,,"Polymitarcyidae",,,"Ephoron",,"Polymitarcyidae","Ephoron",4,"Collector","Burrower","Collector",2,"Burrower"
"Arthropoda","Insecta",,"Odonata","Anisoptera",,"Aeshnidae",,,"Epiaeschna","Epiaeschna heros","Aeshnidae","Epiaeschna heros",,"Predator","Climber","Predator",3,"Climber"
"Arthropoda","Insecta",,"Odonata","Anisoptera",,"Corduliidae","Corduliinae",,"Epitheca",,"Corduliidae","Epitheca",6,"Predator","Climber","Predator",5,"Sprawler"
"Arthropoda","Insecta",,"Coleoptera",,,"Dytiscidae","Hydroporinae","Hydroporini","Deronectes",,"Dytiscidae","Deronectes",,"Predator","Swimmer","Predator",6,"Swimmer"
"Arthropoda","Insecta",,"Coleoptera",,,"Dytiscidae",,,"Desmopachria",,"Dytiscidae","Desmopachria",,"Predator","Swimmer","Predator",6,"Swimmer"
"Arthropoda","Insecta",,"Trichoptera",,,"Hydroptilidae",,,"Dibusa","Dibusa angata","Hydroptilidae","Dibusa angata",,"Scraper","Clinger","Scraper",6,"Clinger"
"Arthropoda","Insecta",,"Diptera",,,"Tipulidae","Limoniinae",,"Dicranota",,"Tipulidae","Dicranota",5.2,"Predator","Sprawler","Shredder",3,"Burrower"
"Arthropoda","Insecta",,"Odonata","Anisoptera",,"Corduliidae","Macromiinae",,"Didymops","Didymops transversa","Macromiidae","Didymops transversa",6,"Predator","Sprawler","Predator",3,"Sprawler"
"Arthropoda","Insecta",,"Coleoptera",,,"Gyrinidae",,,"Dineutus",,"Gyrinidae","Dineutus",5.8,"Predator","Swimmer","Predator",5,"Swimmer"
"Arthropoda","Insecta",,"Ephemeroptera",,,"Baetidae",,,"Diphetor","Diphetor hageni","Baetidae","Diphetor hageni",4,"Collector","Swimmer","Collector",4,"Swimmer"
"Arthropoda","Insecta",,"Trichoptera",,,"Hydropsychidae","Diplectroninae",,"Diplectrona",,"Hydropsychidae","Diplectrona",6,"Filterer","Clinger","Filterer",6,"Clinger"
"Arthropoda","Insecta",,"Plecoptera",,,"Perlodidae","Perlodinae","Diploperlini","Diploperla",,"Perlodidae","Diploperla",4.6,"Predator","Clinger","Predator",2,"Clinger"
"Arthropoda","Insecta",,"Diptera",,,"Dixidae",,,"Dixa",,"Dixidae","Dixa",5.96,"Collector","Swimmer","Collector",1,"Swimmer"
"Arthropoda","Insecta",,"Diptera",,,"Dixidae",,,"Dixella",,"Dixidae","Dixella",6,"Collector","Swimmer","Collector",1,"Swimmer"
"Arthropoda","Insecta",,"Diptera",,,"Empididae","Clinocerinae",,"Dolichocephala",,"Empididae","Dolichocephala",,,"Clinger","Predator",6,"Sprawler"
"Arthropoda","Insecta",,"Trichoptera",,,"Philopotamidae","Philopotaminae",,"Dolophilodes",,"Philopotamidae","Dolophilodes",4.2,"Filterer","Clinger","Collector",3,"Clinger"
"Arthropoda","Insecta",,"Odonata","Anisoptera",,"Gomphidae",,,"Dromogomphus",,"Gomphidae","Dromogomphus",6,"Predator","Burrower","Predator",1,"Burrower"
"Arthropoda","Insecta",,"Ephemeroptera",,,"Ephemerellidae",,,"Drunella",,"Ephemerellidae","Drunella",3.6,"Scraper","Clinger","Collector",4,"Clinger"
"Arthropoda","Insecta",,"Coleoptera",,,"Elmidae",,,"Dubiraphia",,"Elmidae","Dubiraphia",5.6,"Collector","Clinger","Scraper",4,"Clinger"
"Arthropoda","Insecta",,"Coleoptera",,,"Dytiscidae","Dytiscinae","Dytiscini","Dytiscus",,"Dytiscidae","Dytiscus",,"Predator","Swimmer","Predator",6,"Swimmer"
"Arthropoda","Insecta",,"Plecoptera",,,"Perlidae","Acroneuriinae",,"Eccoptura","Eccoptura xanthenes","Perlidae","Eccoptura xanthenes",4.6,"Predator","Clinger","Predator",1,"Clinger"
"Arthropoda","Insecta",,"Coleoptera",,,"Psephenidae",,,"Ectopria",,"Psephenidae","Ectopria",5.4,"Scraper","Clinger","Scraper",4,"Clinger"
"Arthropoda","Insecta",,"Coleoptera",,,"Scirtidae",,,"Elodes",,"Scirtidae","Elodes",,,,,,
"Arthropoda","Insecta",,"Odonata","Zygoptera",,"Coenagrionidae",,,"Enallagma",,"Coenagrionidae","Enallagma",7.4,"Predator","Climber","Predator",9,"Climber"
"Arthropoda","Malacostraca",,"Amphipoda",,,"Gammaridae",,,"Gammarus",,"Gammaridae","Gammarus",7.87,"Collector","Swimmer","Collector",6,"Swimmer"
"Arthropoda","Insecta",,"Diptera",,,"Tipulidae","Limoniinae","Eriopterini","Erioptera",,"Tipulidae","Erioptera",6,"Collector","Burrower","Shredder",3,"Burrower"
"Arthropoda","Insecta",,"Odonata","Anisoptera",,"Gomphidae",,,"Erpetogomphus",,"Gomphidae","Erpetogomphus",6,"Predator","Burrower","Predator",1,"Burrower"
"Arthropoda","Insecta",,"Odonata","Anisoptera",,"Libellulidae",,,"Erythemis",,"Libellulidae","Erythemis",6,"Predator","Sprawler","Predator",9,"Sprawler"
"Arthropoda","Insecta",,"Odonata","Anisoptera",,"Libellulidae",,,"Erythrodiplax",,"Libellulidae","Erythrodiplax",6,"Predator","Climber","Predator",9,"Sprawler"
"Arthropoda","Insecta",,"Coleoptera",,,"Psephenidae",,,"Eubrianax",,"Psephenidae","Eubrianax",,"Scraper","Clinger","Scraper",4,"Clinger"
"Arthropoda","Insecta",,"Diptera",,,"Stratiomyidae","Stratiomyinae",,"Euparyphus",,"Stratiomyidae","Euparyphus",,"Collector","Sprawler","Collector",10,"Sprawler"
"Arthropoda","Insecta",,"Ephemeroptera",,,"Ephemerellidae",,,"Eurylophella",,"Ephemerellidae","Eurylophella",5.2,"Collector","Clinger","Collector",4,"Clinger"
"Arthropoda","Insecta",,"Ephemeroptera",,,"Baetidae",,,"Fallceon",,"Baetidae","Fallceon",,,"Swimmer","Collector",4,"Swimmer"
"Arthropoda","Insecta",,"Diptera",,,"Ceratopogonidae","Forcipomyiinae",,"Forcipomyia",,"Ceratopogonidae","Forcipomyia",6,"Collector","Sprawler","Predator",6,"Burrower"
"Arthropoda","Insecta",,"Trichoptera",,,"Limnephilidae","Limnephilinae",,"Frenesia",,"Limnephilidae","Frenesia",,"Shredder","Sprawler","Shredder",4,
"Arthropoda","Insecta",,"Coleoptera",,,"Haliplidae",,,"Haliplus",,"Haliplidae","Haliplus",,"Shredder","Climber","Shredder",7,"Climber"
"Arthropoda","Insecta",,"Plecoptera",,,"Chloroperlidae","Chloroperlinae",,"Haploperla",,"Chloroperlidae","Haploperla",4.6,"Predator","Clinger","Predator",1,"Clinger"
"Arthropoda","Insecta",,"Coleoptera",,,"Dryopidae",,,"Helichus",,"Dryopidae","Helichus",5.6,"Shredder","Clinger","Shredder",5,"Clinger"
"Arthropoda","Insecta",,"Trichoptera",,,"Helicopsychidae",,,"Helicopsyche","Helicopsyche borealis","Helicopsychidae","Helicopsyche borealis",4.6,"Scraper","Clinger","Shredder",3,"Clinger"
"Arthropoda","Insecta",,"Diptera",,,"Tipulidae","Limoniinae",,"Helius",,"Tipulidae","Helius",6,,"Sprawler","Shredder",3,"Burrower"
"Arthropoda","Insecta",,"Coleoptera",,,"Hydrophilidae",,,"Helobata",,"Hydrophilidae","Helobata",,,"Swimmer","Predator",5,
"Arthropoda","Insecta",,"Coleoptera",,,"Hydrophilidae",,,"Helochares",,"Hydrophilidae","Helochares",,,"Swimmer","Predator",5,
"Arthropoda","Insecta",,"Coleoptera",,,"Hydrophilidae",,,"Helocombus","Helocombus bifidus","Hydrophilidae","Helocombus bifidus",,,,"Predator",5,
"Arthropoda","Insecta",,"Odonata","Anisoptera",,"Corduliidae","Corduliinae",,"Helocordulia",,"Corduliidae","Helocordulia",6,"Predator","Sprawler","Predator",5,"Sprawler"
"Arthropoda","Insecta",,"Coleoptera",,,"Hydrophilidae",,,"Helophorus",,"Hydrophilidae","Helophorus",,"Shredder","Climber","Predator",5,
"Arthropoda","Insecta",,"Diptera",,,"Empididae","Hemerodromiinae","Hemerodromiini","Hemerodromia",,"Empididae","Hemerodromia",7.8,"Predator","Sprawler","Predator",6,"Sprawler"
"Arthropoda","Insecta",,"Trichoptera",,,"Glossosomatidae","Glossosomatinae",,"Glossosoma",,"Glossosomatidae","Glossosoma",4.6,"Scraper","Clinger","Scraper",0,"Clinger"
"Arthropoda","Insecta",,"Diptera",,,"Pelecorhynchidae",,,"Glutops",,"Pelecorhynchidae","Glutops",,"Predator",,"Predator",,
"Arthropoda","Insecta",,"Trichoptera",,,"Goeridae","Goerinae",,"Goera",,"Goeridae","Goera",4,"Scraper","Clinger","Scraper",0,"Clinger"
"Arthropoda","Insecta",,"Odonata","Anisoptera",,"Aeshnidae",,,"Gomphaeschna",,"Aeshnidae","Gomphaeschna",,"Predator","Climber","Predator",3,"Climber"
"Arthropoda","Insecta",,"Odonata","Anisoptera",,"Gomphidae",,,"Gomphus",,"Gomphidae","Gomphus",5.4,"Predator","Burrower","Predator",1,"Burrower"
"Arthropoda","Insecta",,"Coleoptera",,,"Elmidae",,,"Gonielmis",,"Elmidae","Gonielmis",,"Collector","Clinger","Scraper",4,"Clinger"
"Arthropoda","Insecta",,"Diptera",,,"Tipulidae","Limoniinae","Eriopterini","Gonomyia",,"Tipulidae","Gonomyia",6,,"Burrower","Shredder",3,"Burrower"
"Arthropoda","Insecta",,"Coleoptera",,,"Dytiscidae",,,"Graphoderus",,"Dytiscidae","Graphoderus",,"Predator","Swimmer","Predator",6,"Swimmer"
"Arthropoda","Insecta",,"Hemiptera",,,"Corixidae",,,"Graptocorixa",,"Corixidae","Graptocorixa",,"Predator","Swimmer","Predator",5,"Swimmer"
"Arthropoda","Insecta",,"Coleoptera",,,"Gyrinidae",,,"Gyretes",,"Gyrinidae","Gyretes",,,"Swimmer","Predator",5,"Swimmer"
"Arthropoda","Insecta",,"Coleoptera",,,"Gyrinidae",,,"Gyrinus",,"Gyrinidae","Gyrinus",4.75,"Predator","Swimmer","Predator",5,"Swimmer"
"Arthropoda","Insecta",,"Ephemeroptera",,,"Leptophlebiidae",,,"Habrophlebia","Habrophlebia vibrans","Leptophlebiidae","Habrophlebia vibrans",2,,"Swimmer","Collector",2,"Swimmer"
"Arthropoda","Insecta",,"Ephemeroptera",,,"Leptophlebiidae",,,"Habrophlebiodes",,"Leptophlebiidae","Habrophlebiodes",3,"Scraper","Swimmer","Collector",2,"Swimmer"
"Arthropoda","Insecta",,"Odonata","Anisoptera",,"Gomphidae",,,"Hagenius","Hagenius brevistylus","Gomphidae","Hagenius brevistylus",6,"Predator","Sprawler","Predator",1,"Burrower"
"Arthropoda","Insecta",,"Coleoptera",,,"Dytiscidae","Agabinae","Agabini","Ilybius",,"Dytiscidae","Ilybius",,"Predator","Swimmer","Predator",6,"Swimmer"
"Arthropoda","Insecta",,"Trichoptera",,,"Limnephilidae","Dicosmoecinae",,"Ironoquia",,"Limnephilidae","Ironoquia",7.8,"Shredder","Sprawler","Shredder",4,
"Arthropoda","Insecta",,"Odonata","Zygoptera",,"Coenagrionidae",,,"Ischnura",,"Coenagrionidae","Ischnura",6.13,"Predator","Climber","Predator",9,"Climber"
"Arthropoda","Insecta",,"Plecoptera",,,"Perlodidae","Perlodinae","Perlodini","Isogenoides",,"Perlodidae","Isogenoides",,"Predator",,"Predator",2,"Clinger"
"Arthropoda","Insecta",,"Ephemeroptera",,,"Isonychiidae",,,"Isonychia",,"Isonychiidae","Isonychia",5,"Filterer","Swimmer","Filterer",2,"Swimmer"
"Arthropoda","Insecta",,"Plecoptera",,,"Perlodidae","Isoperlinae",,"Isoperla",,"Perlodidae","Isoperla",4.4,"Predator","Clinger","Predator",2,"Clinger"
"Arthropoda","Insecta",,"Trichoptera",,,"Hydroptilidae",,,"Ithytrichia",,"Hydroptilidae","Ithytrichia",,"Scraper","Clinger","Scraper",6,"Clinger"
"Arthropoda","Insecta",,"Ephemeroptera",,,"Heptageniidae",,,"Heptagenia",,"Heptageniidae","Heptagenia",4,"Scraper","Clinger","Scraper",4,"Clinger"
"Arthropoda","Insecta",,"Diptera",,,"Tipulidae",,,"Hesperoconopa",,"Tipulidae","Hesperoconopa",,,"Burrower","Shredder",3,"Burrower"
"Arthropoda","Insecta",,"Hemiptera",,,"Corixidae",,,"Hesperocorixa",,"Corixidae","Hesperocorixa",,,"Swimmer","Predator",5,"Swimmer"
"Arthropoda","Insecta",,"Trichoptera",,,"Limnephilidae","Limnephilinae",,"Hesperophylax",,"Limnephilidae","Hesperophylax",,"Shredder","Sprawler","Shredder",4,
"Arthropoda","Insecta",,"Odonata","Zygoptera",,"Calopterygidae",,,"Hetaerina",,"Calopterygidae","Hetaerina",6,"Predator","Climber","Predator",5,"Climber"
"Arthropoda","Insecta",,"Ephemeroptera",,,"Baetidae",,,"Heterocloeon",,"Baetidae","Heterocloeon",3.2,"Scraper","Swimmer","Collector",4,"Swimmer"
"Arthropoda","Insecta",,"Trichoptera",,,"Calamoceratidae",,,"Heteroplectron","Heteroplectron americanum","Calamoceratidae","Heteroplectron americanum",4.25,"Shredder","Sprawler","Shredder",2,"Sprawler"
"Arthropoda","Insecta",,"Ephemeroptera",,,"Ephemeridae",,,"Hexagenia",,"Ephemeridae","Hexagenia",6,"Collector","Burrower","Collector",4,"Burrower"
"Arthropoda","Insecta",,"Diptera",,,"Tipulidae","Limoniinae",,"Hexatoma",,"Tipulidae","Hexatoma",4.6,"Predator","Burrower","Shredder",3,"Burrower"
"Arthropoda","Insecta",,"Ephemeroptera",,,"Oligoneuriidae",,,"Homoeoneuria",,"Oligoneuriidae","Homoeoneuria",,"Collector","Burrower","Filterer",,"Burrower"
"Arthropoda","Malacostraca",,"Amphipoda",,,"Talitridae",,,"Hyalella",,"Talitridae","Hyalella",6.8,"Collector","Swimmer","Collector",8,"Swimmer"
"Arthropoda","Insecta",,"Diptera",,,"Tabanidae","Tabaninae","Tabanini","Hybomitra",,"Tabanidae","Hybomitra",6,"Predator","Sprawler","Predator",6,"Sprawler"
"Arthropoda","Insecta",,"Coleoptera",,,"Dytiscidae","Dytiscinae","Hydaticini","Hydaticus",,"Dytiscidae","Hydaticus",,"Predator","Swimmer","Predator",6,"Swimmer"
"Arthropoda","Insecta",,"Trichoptera",,,"Limnephilidae","Limnephilinae",,"Hydatophylax","Hydatophylax argus","Limnephilidae","Hydatophylax argus",4.57,"Shredder","Sprawler","Shredder",4,
"Arthropoda","Insecta",,"Coleoptera",,,"Hydraenidae",,,"Hydraena",,"Hydraenidae","Hydraena",,"Predator","Clinger","Predator",5,"Clinger"
"Arthropoda","Insecta",,"Coleoptera",,,"Hydrophilidae",,,"Hydrobius",,"Hydrophilidae","Hydrobius",,"Predator","Climber","Predator",5,
"Arthropoda","Insecta",,"Coleoptera",,,"Noteridae",,,"Hydrocanthus",,"Noteridae","Hydrocanthus",,,"Climber","Predator",5,"Burrower"
"Arthropoda","Insecta",,"Coleoptera",,,"Hydrophilidae",,,"Hydrochara",,"Hydrophilidae","Hydrochara",,,"Swimmer","Predator",5,
"Arthropoda","Insecta",,"Coleoptera",,,"Hydrophilidae",,,"Hydrochus",,"Hydrophilidae","Hydrochus",,"Shredder","Climber","Predator",5,
"Arthropoda","Insecta",,"Plecoptera",,,"Perlodidae","Perlodinae","Perlodini","Hydroperla",,"Perlodidae","Hydroperla",,"Predator","Clinger","Predator",2,"Clinger"
"Arthropoda","Insecta",,"Coleoptera",,,"Hydrophilidae",,,"Hydrophilus",,"Hydrophilidae","Hydrophilus",,,"Swimmer","Predator",5,
"Arthropoda","Insecta",,"Coleoptera",,,"Dytiscidae","Hydroporinae","Hydroporini","Hydroporus",,"Dytiscidae","Hydroporus",,"Predator","Swimmer","Predator",6,"Swimmer"
"Arthropoda","Insecta",,"Trichoptera",,,"Hydropsychidae","Hydropsychinae",,"Hydropsyche",,"Hydropsychidae","Hydropsyche",8.04,"Filterer","Clinger","Filterer",6,"Clinger"
"Arthropoda","Insecta",,"Trichoptera",,,"Hydroptilidae","Hydroptilinae",,"Hydroptila",,"Hydroptilidae","Hydroptila",7.4,"Scraper","Clinger","Scraper",6,"Clinger"
"Arthropoda","Insecta",,"Coleoptera",,,"Dytiscidae","Hydroporinae","Hydrovatini","Hydrovatus",,"Dytiscidae","Hydrovatus",,"Predator","Swimmer","Predator",6,"Swimmer"
"Arthropoda","Insecta",,"Coleoptera",,,"Dytiscidae",,,"Hygrotus",,"Dytiscidae","Hygrotus",,"Predator","Swimmer","Predator",6,"Swimmer"
"Arthropoda","Insecta",,"Trichoptera",,,"Lepidostomatidae","Lepidostomatinae",,"Lepidostoma",,"Lepidostomatidae","Lepidostoma",4.8,"Shredder","Climber","Shredder",1,"Sprawler"
"Arthropoda","Insecta",,"Trichoptera",,,"Leptoceridae",,,"Leptocerus","Leptocerus americanus","Leptoceridae","Leptocerus americanus",,"Shredder","Climber","Collector",4,
"Arthropoda","Insecta",,"Ephemeroptera",,,"Leptophlebiidae",,,"Leptophlebia",,"Leptophlebiidae","Leptophlebia",4.4,"Collector","Swimmer","Collector",2,"Swimmer"
"Arthropoda","Insecta",,"Odonata","Zygoptera",,"Lestidae",,,"Lestes",,"Lestidae","Lestes",,"Predator","Climber","Predator",9,"Climber"
"Arthropoda","Insecta",,"Hemiptera",,,"Belostomatidae",,,"Lethocerus",,"Belostomatidae","Lethocerus",,"Predator","Climber","Predator",6,"Climber"
"Arthropoda","Insecta",,"Coleoptera",,,"Hydrophilidae",,,"Laccobius",,"Hydrophilidae","Laccobius",,,"Swimmer","Predator",5,
"Arthropoda","Insecta",,"Coleoptera",,,"Dytiscidae","Laccophilinae","Laccophilini","Laccophilus",,"Dytiscidae","Laccophilus",,"Predator","Swimmer","Predator",6,"Swimmer"
"Arthropoda","Insecta",,"Coleoptera",,,"Dytiscidae",,,"Laccornis","Laccornis difformis","Dytiscidae","Laccornis difformis",,"Predator","Swimmer","Predator",6,"Swimmer"
"Arthropoda","Insecta",,"Odonata","Anisoptera",,"Libellulidae",,,"Ladona",,"Libellulidae","Ladona",6,"Predator","Sprawler","Predator",9,"Sprawler"
"Arthropoda","Insecta",,"Odonata","Anisoptera",,"Gomphidae",,,"Lanthus",,"Gomphidae","Lanthus",5,"Predator","Burrower","Predator",1,"Burrower"
"Arthropoda","Insecta",,"Plecoptera",,,"Perlodidae","Perlodinae","Perlodini","Malirekus","Malirekus hastatus","Perlodidae","Malirekus hastatus",4.25,,"Clinger","Predator",2,"Clinger"
"Arthropoda","Insecta",,"Diptera",,,"Ceratopogonidae","Ceratopogoninae","Sphaeromiini","Mallochohelea",,"Ceratopogonidae","Mallochohelea",6,"Predator","Burrower","Predator",6,"Burrower"
"Arthropoda","Insecta",,"Coleoptera",,,"Dytiscidae",,,"Matus",,"Dytiscidae","Matus",,"Predator","Swimmer","Predator",6,"Swimmer"
"Arthropoda","Insecta",,"Trichoptera",,,"Hydroptilidae","Hydroptilinae",,"Mayatrichia",,"Hydroptilidae","Mayatrichia",,"Scraper","Clinger","Scraper",6,"Clinger"
"Arthropoda","Insecta",,"Trichoptera",,,"Hydroptilidae","Hydroptilinae","Leucotrichiini","Leucotrichia",,"Hydroptilidae","Leucotrichia",4.89,"Scraper","Clinger","Scraper",6,"Clinger"
"Arthropoda","Insecta",,"Ephemeroptera",,,"Heptageniidae",,,"Leucrocuta",,"Heptageniidae","Leucrocuta",3.4,"Scraper","Clinger","Scraper",4,"Clinger"
"Arthropoda","Insecta",,"Plecoptera",,,"Leuctridae","Leuctrinae",,"Leuctra",,"Leuctridae","Leuctra",6.2,"Shredder","Sprawler","Shredder",0,
"Arthropoda","Insecta",,"Odonata","Anisoptera",,"Libellulidae",,,"Libellula",,"Libellulidae","Libellula",6,"Predator","Sprawler","Predator",9,"Sprawler"
"Arthropoda","Insecta",,"Coleoptera",,,"Hydraenidae",,,"Limnebius",,"Hydraenidae","Limnebius",,,"Clinger","Predator",5,"Clinger"
"Arthropoda","Insecta",,"Trichoptera",,,"Limnephilidae","Limnephilinae",,"Limnephilus",,"Limnephilidae","Limnephilus",,"Shredder","Climber","Shredder",4,
"Arthropoda","Insecta",,"Diptera",,,"Tipulidae","Limoniinae",,"Limnophila",,"Tipulidae","Limnophila",4.89,"Predator","Burrower","Shredder",3,"Burrower"
"Arthropoda","Insecta",,"Diptera",,,"Muscidae",,,"Limnophora",,"Muscidae","Limnophora",,"Predator","Burrower","Predator",8,"Sprawler"
"Arthropoda","Insecta",,"Diptera",,,"Tipulidae","Limoniinae",,"Limonia",,"Tipulidae","Limonia",7.24,"Shredder","Burrower","Shredder",3,"Burrower"
"Arthropoda","Insecta",,"Coleoptera",,,"Dytiscidae",,,"Liodessus",,"Dytiscidae","Liodessus",,"Predator","Swimmer","Predator",6,"Swimmer"
"Arthropoda","Insecta",,"Coleoptera",,,"Dytiscidae","Hydroporinae","Hydroporini","Lioporeus",,"Dytiscidae","Lioporeus",,"Predator","Swimmer","Predator",6,"Swimmer"
"Arthropoda","Insecta",,"Diptera",,,"Tipulidae","Limoniinae","Eriopterini","Lipsothrix",,"Tipulidae","Lipsothrix",,"Shredder","Burrower","Shredder",3,"Burrower"
"Arthropoda","Insecta",,"Diptera",,,"Muscidae",,,"Lispe",,"Muscidae","Lispe",,"Predator","Sprawler","Predator",8,"Sprawler"
"Arthropoda","Insecta",,"Ephemeroptera",,,"Ephemeridae",,,"Litobrancha","Litobrancha recurvata","Ephemeridae","Litobrancha recurvata",,,"Burrower","Collector",4,"Burrower"
"Arthropoda","Insecta",,"Coleoptera",,,"Lutrochidae",,,"Lutrochus",,"Lutrochidae","Lutrochus",,,"Burrower","Scraper",5,"Burrower"
"Arthropoda","Insecta",,"Trichoptera",,,"Psychomyiidae","Psychomyiinae",,"Lype","Lype diversa","Psychomyiidae","Lype diversa",5.4,"Scraper","Clinger","Collector",2,"Clinger"
"Arthropoda","Insecta",,"Odonata","Anisoptera",,"Corduliidae","Macromiinae",,"Macromia",,"Macromiidae","Macromia",6,"Predator","Sprawler","Predator",3,"Sprawler"
"Arthropoda","Insecta",,"Coleoptera",,,"Elmidae",,,"Macronychus","Macronychus glabratus","Elmidae","Macronychus glabratus",5.4,"Collector","Clinger","Scraper",4,"Clinger"
"Arthropoda","Insecta",,"Trichoptera",,,"Hydropsychidae","Macronematinae",,"Macrostemum",,"Hydropsychidae","Macrostemum",3.5,"Filterer","Clinger","Filterer",6,"Clinger"
"Arthropoda","Insecta",,"Odonata","Anisoptera",,"Libellulidae",,,"Nannothemis","Nannothemis bella","Libellulidae","Nannothemis bella",6,"Predator","Climber","Predator",9,"Sprawler"
"Arthropoda","Insecta",,"Odonata","Anisoptera",,"Aeshnidae",,,"Nasiaeschna","Nasiaeschna pentacantha","Aeshnidae","Nasiaeschna pentacantha",,"Predator","Climber","Predator",3,"Climber"
"Arthropoda","Insecta",,"Trichoptera",,,"Leptoceridae","Leptocerinae",,"Nectopsyche",,"Leptoceridae","Nectopsyche",4.8,"Shredder","Climber","Collector",4,
"Arthropoda","Insecta",,"Trichoptera",,,"Brachycentridae",,,"Micrasema",,"Brachycentridae","Micrasema",3.56,"Shredder","Clinger","Filterer",1,"Clinger"
"Arthropoda","Insecta",,"Coleoptera",,,"Elmidae",,,"Microcylloepus",,"Elmidae","Microcylloepus",5.2,"Collector","Clinger","Scraper",4,"Clinger"
"Arthropoda","Insecta",,"Trichoptera",,,"Molannidae",,,"Molanna",,"Molannidae","Molanna",5.8,"Scraper","Sprawler","Scraper",6,"Sprawler"
"Arthropoda","Insecta",,"Diptera",,,"Tipulidae","Limoniinae","Eriopterini","Molophilus",,"Tipulidae","Molophilus",5.11,,"Burrower","Shredder",3,"Burrower"
"Arthropoda","Insecta",,"Diptera",,,"Ceratopogonidae","Ceratopogoninae",,"Monohelea",,"Ceratopogonidae","Monohelea",6,"Predator","Burrower","Predator",6,"Burrower"
"Mollusca","Pelecypoda",,"Veneroida",,,"Pisidiidae",,,"Musculium",,"Pisidiidae","Musculium",,"Filterer","Sprawler","Filterer",8,"Sprawler"
"Arthropoda","Insecta",,"Trichoptera",,,"Leptoceridae","Leptocerinae",,"Mystacides",,"Leptoceridae","Mystacides",6,"Collector","Climber","Collector",4,
"Arthropoda","Insecta",,"Diptera",,,"Stratiomyidae","Stratiomyinae",,"Myxosargus",,"Stratiomyidae","Myxosargus",,"Collector","Sprawler","Collector",10,"Sprawler"
"Arthropoda","Insecta",,"Diptera",,,"Stratiomyidae","Stratiomyinae","Stratiomyini","Odontomyia",,"Stratiomyidae","Odontomyia",,"Collector","Sprawler","Collector",10,"Sprawler"
"Arthropoda","Insecta",,"Trichoptera",,,"Leptoceridae","Leptocerinae",,"Oecetis",,"Leptoceridae","Oecetis",5.6,"Predator","Climber","Collector",4,
"Arthropoda","Insecta",,"Plecoptera",,,"Taeniopterygidae","Brachypteryinae",,"Oemopteryx","Oemopteryx contorta","Taeniopterygidae","Oemopteryx contorta",4.25,,"Sprawler","Shredder",2,"Sprawler"
"Arthropoda","Insecta",,"Trichoptera",,,"Phryganeidae","Phryganeinae",,"Oligostomis",,"Phryganeidae","Oligostomis",,"Predator","Climber","Shredder",4,"Climber"
"Arthropoda","Insecta",,"Odonata","Anisoptera",,"Gomphidae",,,"Ophiogomphus",,"Gomphidae","Ophiogomphus",4,"Predator","Burrower","Predator",1,"Burrower"
"Arthropoda","Insecta",,"Coleoptera",,,"Elmidae",,,"Optioservus",,"Elmidae","Optioservus",6,"Scraper","Clinger","Scraper",4,"Clinger"
"Arthropoda","Insecta",,"Coleoptera",,,"Elmidae",,,"Optioservus",,"Elmidae","Promoresia",4.2,"Scraper","Clinger","Scraper",4,"Clinger"
"Arthropoda","Malacostraca",,"Decapoda",,,"Cambaridae","Cambarinae",,"Orconectes",,"Cambaridae","Orconectes",,"Collector",,"Shredder",5,
"Arthropoda","Insecta",,"Plecoptera",,,"Capniidae",,,"Nemocapnia","Nemocapnia carolina","Capniidae","Nemocapnia carolina",,,,"Shredder",1,
"Arthropoda","Insecta",,"Trichoptera",,,"Limnephilidae","Limnephilinae",,"Nemotaulius","Nemotaulius hostilis","Limnephilidae","Nemotaulius hostilis",,"Shredder","Sprawler","Shredder",4,
"Arthropoda","Insecta",,"Diptera",,,"Stratiomyidae","Nemotelinae",,"Nemotelus",,"Stratiomyidae","Nemotelus",,"Collector","Swimmer","Collector",10,"Sprawler"
"Arthropoda","Insecta",,"Megaloptera",,,"Corydalidae","Chauliodinae",,"Neohermes",,"Corydalidae","Neohermes",,"Predator","Clinger","Predator",5,"Clinger"
"Arthropoda","Insecta",,"Plecoptera",,,"Perlidae","Perlinae","Neoperlini","Neoperla",,"Perlidae","Neoperla",4,"Predator","Clinger","Predator",1,"Clinger"
"Arthropoda","Insecta",,"Trichoptera",,,"Uenoidae","Thremmatinae",,"Neophylax",,"Uenoidae","Neophylax",5,"Scraper","Clinger","Scraper",3,"Clinger"
"Arthropoda","Insecta",,"Diptera",,,"Empididae","Hemerodromiinae","Hemerodromiini","Neoplasta",,"Empididae","Neoplasta",5.6,"Predator","Sprawler","Predator",6,"Sprawler"
"Arthropoda","Insecta",,"Trichoptera",,,"Hydroptilidae","Hydroptilinae",,"Neotrichia",,"Hydroptilidae","Neotrichia",,"Scraper","Clinger","Scraper",6,"Clinger"
"Arthropoda","Insecta",,"Hemiptera",,,"Nepidae",,,"Nepa","Nepa apiculata","Nepidae","Nepa apiculata",,"Predator","Climber","Predator",6,"Climber"
"Arthropoda","Insecta",,"Trichoptera",,,"Polycentropodidae","Polycentropodinae",,"Neureclipsis",,"Polycentropodidae","Neureclipsis",4.8,"Filterer","Clinger","Filterer",6,"Clinger"
"Arthropoda","Insecta",,"Odonata","Anisoptera",,"Corduliidae","Corduliinae",,"Neurocordulia",,"Corduliidae","Neurocordulia",6,"Predator","Climber","Predator",5,"Sprawler"
"Arthropoda","Insecta",,"Megaloptera",,,"Corydalidae","Chauliodinae",,"Nigronia",,"Corydalidae","Nigronia",5.2,"Predator","Clinger","Predator",5,"Clinger"
"Arthropoda","Insecta",,"Diptera",,,"Ceratopogonidae",,,"Nilobezzia",,"Ceratopogonidae","Nilobezzia",,"Predator","Burrower","Predator",6,"Burrower"
"Arthropoda","Insecta",,"Ephemeroptera",,,"Heptageniidae",,,"Nixe",,"Heptageniidae","Afghanurus",4.75,"Scraper","Clinger","Scraper",4,"Clinger"
"Arthropoda","Insecta",,"Hemiptera",,,"Notonectidae",,,"Notonecta",,"Notonectidae","Notonecta",,"Predator","Swimmer","Predator",5,"Swimmer"
"Arthropoda","Insecta",,"Trichoptera",,,"Polycentropodidae","Polycentropodinae",,"Nyctiophylax",,"Polycentropodidae","Nyctiophylax",5.78,"Predator","Clinger","Filterer",6,"Clinger"
"Arthropoda","Insecta",,"Trichoptera",,,"Hydroptilidae","Hydroptilinae",,"Ochrotrichia",,"Hydroptilidae","Ochrotrichia",4.25,"Collector","Clinger","Scraper",6,"Clinger"
"Arthropoda","Insecta",,"Coleoptera",,,"Hydraenidae",,,"Ochthebius",,"Hydraenidae","Ochthebius",,,"Clinger","Predator",5,"Clinger"
"Arthropoda","Insecta",,"Odonata","Anisoptera",,"Gomphidae",,,"Octogomphus",,"Gomphidae","Octogomphus",6,"Predator","Burrower","Predator",1,"Burrower"
"Arthropoda","Insecta",,"Diptera",,,"Tipulidae","Limoniinae",,"Pedicia",,"Tipulidae","Pedicia",6,"Predator","Burrower","Shredder",3,"Burrower"
"Arthropoda","Insecta",,"Hemiptera",,,"Naucoridae",,,"Pelocoris",,"Naucoridae","Pelocoris",,"Predator","Clinger","Predator",5,"Clinger"
"Arthropoda","Insecta",,"Coleoptera",,,"Haliplidae",,,"Peltodytes",,"Haliplidae","Peltodytes",6,"Shredder","Climber","Shredder",7,"Climber"
"Arthropoda","Insecta",,"Plecoptera",,,"Peltoperlidae","Peltoperlinae",,"Peltoperla",,"Peltoperlidae","Peltoperla",4.44,"Shredder","Clinger","Shredder",2,"Clinger"
"Arthropoda","Insecta",,"Ephemeroptera",,,,,,"Pentagenia","Pentagenia vittigera","Palingeniidae","Pentagenia vittigera",,"Collector","Burrower","Collector",,"Burrower"
"Arthropoda","Insecta",,"Diptera",,,"Psychodidae","Psychodinae",,"Pericoma",,"Psychodidae","Pericoma",8,"Collector","Burrower","Collector",10,"Burrower"
"Arthropoda","Insecta",,"Odonata","Anisoptera",,"Libellulidae",,,"Perithemis",,"Libellulidae","Perithemis",6,"Predator","Sprawler","Predator",9,"Sprawler"
"Arthropoda","Insecta",,"Plecoptera",,,"Perlidae","Acroneuriinae","Acroneuriini","Perlesta",,"Perlidae","Perlesta",5.2,"Predator","Clinger","Predator",1,"Clinger"
"Arthropoda","Insecta",,"Plecoptera",,,"Perlidae","Acroneuriinae","Acroneuriini","Perlinella",,"Perlidae","Perlinella",,"Predator","Clinger","Predator",1,"Clinger"
"Arthropoda","Insecta",,"Lepidoptera",,,"Crambidae",,,"Petrophila",,"Crambidae","Petrophila",6.13,"Scraper","Climber","Shredder",5,"Climber"
"Arthropoda","Insecta",,"Coleoptera",,,"Dytiscidae","Hydroporinae","Hydroporini","Oreodytes",,"Dytiscidae","Oreodytes",,"Predator","Swimmer","Predator",6,"Swimmer"
"Arthropoda","Insecta",,"Diptera",,,"Empididae",,,"Oreogeton",,"Empididae","Oreogeton",6,"Predator","Sprawler","Predator",6,"Sprawler"
"Arthropoda","Insecta",,"Diptera",,,"Tipulidae","Limoniinae","Eriopterini","Ormosia",,"Tipulidae","Ormosia",5.56,"Collector","Burrower","Shredder",3,"Burrower"
"Arthropoda","Insecta",,"Trichoptera",,,"Hydroptilidae","Hydroptilinae",,"Orthotrichia",,"Hydroptilidae","Orthotrichia",6,"Scraper","Clinger","Scraper",6,"Clinger"
"Arthropoda","Insecta",,"Plecoptera",,,"Nemouridae","Nemourinae",,"Ostrocerca",,"Nemouridae","Ostrocerca",5.15,,"Sprawler","Shredder",2,"Sprawler"
"Arthropoda","Insecta",,"Coleoptera",,,"Elmidae",,,"Oulimnius",,"Elmidae","Oulimnius",5.4,"Scraper","Clinger","Scraper",4,"Clinger"
"Arthropoda","Insecta",,"Diptera",,,"Stratiomyidae",,,"Oxycera",,"Stratiomyidae","Oxycera",,"Scraper","Sprawler","Collector",10,"Sprawler"
"Arthropoda","Insecta",,"Trichoptera",,,"Hydroptilidae","Hydroptilinae",,"Oxyethira",,"Hydroptilidae","Oxyethira",4.75,"Collector","Climber","Scraper",6,"Clinger"
"Arthropoda","Insecta",,"Odonata","Anisoptera",,"Libellulidae",,,"Pachydiplax","Pachydiplax longipennis","Libellulidae","Pachydiplax longipennis",6,"Predator","Sprawler","Predator",9,"Sprawler"
"Arthropoda","Insecta",,"Trichoptera",,,"Hydroptilidae","Ptilocolepinae",,"Palaeagapetus",,"Hydroptilidae","Palaeagapetus",,"Shredder","Sprawler","Scraper",6,"Clinger"
"Arthropoda","Malacostraca",,"Decapoda",,,"Palaemonidae","Palaemoninae",,"Palaemonetes",,"Palaemonidae","Palaemonetes",6,,,,5,
"Arthropoda","Insecta",,"Hemiptera",,,"Corixidae",,,"Palmacorixa",,"Corixidae","Palmacorixa",,"Predator","Swimmer","Predator",5,"Swimmer"
"Arthropoda","Insecta",,"Diptera",,,"Ceratopogonidae","Ceratopogoninae","Palpomyiini","Palpomyia",,"Ceratopogonidae","Palpomyia",,"Predator","Burrower","Predator",6,"Burrower"
"Arthropoda","Insecta",,"Odonata","Anisoptera",,"Libellulidae",,,"Pantala",,"Libellulidae","Pantala",6,"Predator","Sprawler","Predator",9,"Sprawler"
"Arthropoda","Insecta",,"Plecoptera",,,"Capniidae","Capniinae",,"Paracapnia",,"Capniidae","Paracapnia",4.89,"Shredder","Sprawler","Shredder",1,
"Arthropoda","Insecta",,"Ephemeroptera",,,"Baetidae",,,"Paracloeodes",,"Baetidae","Paracloeodes",,"Scraper","Swimmer","Collector",4,"Swimmer"
"Arthropoda","Insecta",,"Coleoptera",,,"Hydrophilidae",,,"Paracymus",,"Hydrophilidae","Paracymus",,"Predator","Burrower","Predator",5,
"Arthropoda","Insecta",,"Plecoptera",,,"Perlidae","Perlinae","Perlini","Paragnetina",,"Perlidae","Paragnetina",3.2,"Predator","Clinger","Predator",1,"Clinger"
"Arthropoda","Insecta",,"Ephemeroptera",,,"Leptophlebiidae",,,"Paraleptophlebia",,"Leptophlebiidae","Paraleptophlebia",4,"Collector","Swimmer","Collector",2,"Swimmer"
"Arthropoda","Insecta",,"Plecoptera",,,"Leuctridae",,,"Paraleuctra",,"Leuctridae","Paraleuctra",2,"Shredder",,"Shredder",0,
"Arthropoda","Insecta",,"Plecoptera",,,"Nemouridae","Nemourinae",,"Paranemoura",,"Nemouridae","Paranemoura",2,"Shredder","Sprawler","Shredder",2,"Sprawler"
"Arthropoda","Insecta",,"Trichoptera",,,"Hydropsychidae","Arctopsychinae",,"Parapsyche",,"Hydropsychidae","Parapsyche",,"Filterer","Clinger","Filterer",6,"Clinger"
"Arthropoda","Insecta",,"Trichoptera",,,"Phryganeidae",,,"Phryganea",,"Phryganeidae","Phryganea",,"Shredder","Climber","Shredder",4,"Climber"
"Arthropoda","Insecta",,"Trichoptera",,,"Dipseudopsidae",,,"Phylocentropus",,"Dipseudopsidae","Phylocentropus",6,"Filterer","Burrower","Filterer",,"Burrower"
"Arthropoda","Insecta",,"Diptera",,,"Tipulidae","Limoniinae",,"Pilaria",,"Tipulidae","Pilaria",5.8,"Predator","Burrower","Shredder",3,"Burrower"
"Mollusca","Pelecypoda",,"Veneroida",,,"Pisidiidae",,,"Pisidium",,"Pisidiidae","Pisidium",,"Filterer","Sprawler","Filterer",8,"Sprawler"
"Arthropoda","Insecta",,"Odonata","Anisoptera",,"Libellulidae",,,"Plathemis","Plathemis lydia","Libellulidae","Plathemis lydia",6,"Predator","Sprawler","Predator",9,"Sprawler"
"Arthropoda","Insecta",,"Trichoptera",,,"Limnephilidae","Limnephilinae",,"Platycentropus",,"Limnephilidae","Platycentropus",5,"Shredder","Climber","Shredder",4,
"Arthropoda","Insecta",,"Ephemeroptera",,,"Baetidae",,,"Plauditus",,"Baetidae","Plauditus",4.8,"Collector","Swimmer","Collector",4,"Swimmer"
"Arthropoda","Insecta",,"Trichoptera",,,"Polycentropodidae","Polycentropodinae",,"Polycentropus",,"Polycentropodidae","Polycentropus",4.8,"Predator","Clinger","Filterer",6,"Clinger"
"Arthropoda","Insecta",,"Trichoptera",,,"Lepidostomatidae","Theliopsychinae",,"Theliopsyche",,"Lepidostomatidae","Theliopsyche",,"Shredder","Sprawler","Shredder",1,"Sprawler"
"Arthropoda","Insecta",,"Trichoptera",,,"Odontoceridae","Odontocerinae",,"Psilotreta",,"Odontoceridae","Psilotreta",5.11,"Scraper","Sprawler","Scraper",0,"Sprawler"
"Arthropoda","Insecta",,"Diptera",,,"Psychodidae","Psychodinae",,"Psychoda",,"Psychodidae","Psychoda",,"Collector","Burrower","Collector",10,"Burrower"
"Arthropoda","Insecta",,"Trichoptera",,,"Limnephilidae","Limnephilinae",,"Psychoglypha",,"Limnephilidae","Psychoglypha",,"Collector","Sprawler","Shredder",4,
"Arthropoda","Insecta",,"Trichoptera",,,"Psychomyiidae","Psychomyiinae",,"Psychomyia",,"Psychomyiidae","Psychomyia",5.11,"Collector","Clinger","Collector",2,"Clinger"
"Porifera","Demospongiae",,"Haplosclerida",,,"Spongillidae",,,"Spongilla",,"Spongillidae","Spongilla",,"Filterer",,"Filterer",2,
"Arthropoda","Insecta",,"Coleoptera",,,"Dytiscidae","Dytiscinae",,"Thermonectus","Thermonectus basillaris","Dytiscidae","Thermonectus basillaris",,"Predator","Swimmer","Predator",6,"Swimmer"
"Arthropoda","Insecta",,"Plecoptera",,,"Pteronarcyidae","Pteronarcyinae","Pteronarcyini","Pteronarcys",,"Pteronarcyidae","Pteronarcys",3.8,"Shredder","Clinger","Shredder",0,"Clinger"
"Arthropoda","Insecta",,"Ephemeroptera",,,"Ephemerellidae",,,"Timpanoga","Timpanoga hecuba","Ephemerellidae","Timpanoga hecuba",4.75,"Collector","Clinger","Collector",4,"Clinger"
"Arthropoda","Insecta",,"Diptera",,,"Tipulidae","Tipulinae",,"Tipula",,"Tipulidae","Tipula",6.4,"Shredder","Burrower","Shredder",3,"Burrower"
"Arthropoda","Insecta",,"Trichoptera",,,"Phryganeidae","Phryganeinae",,"Ptilostomis",,"Phryganeidae","Ptilostomis",4.5,"Shredder","Climber","Shredder",4,"Climber"
"Arthropoda","Insecta",,"Diptera",,,"Ptychopteridae",,,"Ptychoptera",,"Ptychopteridae","Ptychoptera",,"Collector","Burrower","Collector",8,"Burrower"
"Arthropoda","Insecta",,"Trichoptera",,,"Limnephilidae","Limnephilinae",,"Pycnopsyche",,"Limnephilidae","Pycnopsyche",5.8,"Shredder","Sprawler","Shredder",4,
"Arthropoda","Insecta",,"Coleoptera",,,"Scirtidae",,,"Scirtes",,"Scirtidae","Scirtes",,"Shredder","Climber",,,
"Arthropoda","Insecta",,"Trichoptera",,,"Hydroptilidae","Hydroptilinae",,"Stactobiella",,"Hydroptilidae","Stactobiella",,"Shredder","Clinger","Scraper",6,"Clinger"
"Arthropoda","Insecta",,"Ephemeroptera",,,"Polymitarcyidae",,,"Tortopus",,"Polymitarcyidae","Tortopus",4,,"Burrower","Collector",2,"Burrower"
"Arthropoda","Insecta",,"Diptera",,,"Simuliidae",,"Prosimuliini","Stegopterna",,"Simuliidae","Stegopterna",6.95,"Filterer","Clinger","Filterer",6,"Clinger"
"Arthropoda","Insecta",,"Ephemeroptera",,,"Heptageniidae",,,"Stenacron",,"Heptageniidae","Stenacron",5,"Scraper","Clinger","Scraper",4,"Clinger"
"Arthropoda","Insecta",,"Coleoptera",,,"Elmidae",,,"Stenelmis",,"Elmidae","Stenelmis",7.8,"Scraper","Clinger","Scraper",4,"Clinger"
"Arthropoda","Insecta",,"Ephemeroptera",,,"Heptageniidae",,,"Stenonema",,"Heptageniidae","Maccaffertium/Stenonema",,"Scraper","Clinger","Scraper",4,"Clinger"
"Arthropoda","Insecta",,"Ephemeroptera",,,"Heptageniidae",,,"Stenonema",,"Heptageniidae","Maccaffertium",5.4,"Scraper","Clinger","Scraper",4,"Clinger"
"Arthropoda","Insecta",,"Ephemeroptera",,,"Heptageniidae",,,"Stenonema",,"Heptageniidae","Stenonema femoratum",6,"Scraper","Clinger","Scraper",4,"Clinger"
"Arthropoda","Insecta",,"Odonata","Anisoptera",,"Libellulidae",,,"Tramea","Tramea carolina","Libellulidae","Tramea carolina",6,"Predator","Sprawler","Predator",9,"Sprawler"
"Arthropoda","Insecta",,"Trichoptera",,,"Leptoceridae","Leptocerinae",,"Triaenodes",,"Leptoceridae","Triaenodes",6.2,"Shredder","Climber","Collector",4,
"Arthropoda","Insecta",,"Hemiptera",,,"Corixidae",,,"Ramphocorixa",,"Corixidae","Ramphocorixa",,"Predator",,"Predator",5,"Swimmer"
"Arthropoda","Insecta",,"Hemiptera",,,"Nepidae",,,"Ranatra",,"Nepidae","Ranatra",,"Predator","Climber","Predator",6,"Climber"
"Arthropoda","Insecta",,"Ephemeroptera",,,"Heptageniidae",,,"Raptoheptagenia","Raptoheptagenia cruentata","Heptageniidae","Raptoheptagenia cruentata",,"Predator","Swimmer","Scraper",4,"Clinger"
"Arthropoda","Insecta",,"Plecoptera",,,"Chloroperlidae",,,"Rasvena","Rasvena terna","Chloroperlidae","Rasvena terna",,,,"Predator",1,"Clinger"
"Arthropoda","Insecta",,"Plecoptera",,,"Perlodidae","Perlodinae","Diploperlini","Remenus",,"Perlodidae","Remenus",3.4,"Predator","Clinger","Predator",2,"Clinger"
"Arthropoda","Insecta",,"Diptera",,,"Tipulidae",,,"Rhabdomastix",,"Tipulidae","Rhabdomastix",,"Predator","Burrower","Shredder",3,"Burrower"
"Arthropoda","Insecta",,"Coleoptera",,,"Dytiscidae","Colymbetinae",,"Rhantus",,"Dytiscidae","Rhantus",,"Predator","Swimmer","Predator",6,"Swimmer"
"Arthropoda","Insecta",,"Coleoptera",,,"Dytiscidae","Hydroporinae","Hydroporini","Stictotarsus",,"Dytiscidae","Stictotarsus",,"Predator","Swimmer","Predator",6,"Swimmer"
"Arthropoda","Insecta",,"Diptera",,,"Ceratopogonidae","Ceratopogoninae",,"Stilobezzia",,"Ceratopogonidae","Stilobezzia",,"Predator","Sprawler","Predator",6,"Burrower"
"Arthropoda","Insecta",,"Trichoptera",,,"Hydropsychidae",,,"Potamyia","Potamyia flava","Hydropsychidae","Potamyia flava",,"Filterer","Clinger","Filterer",6,"Clinger"
"Arthropoda","Insecta",,"Diptera",,,"Tipulidae","Tipulinae",,"Prionocera",,"Tipulidae","Prionocera",6,,"Burrower","Shredder",3,"Burrower"
"Arthropoda","Insecta",,"Coleoptera",,,"Scirtidae",,,"Prionocyphon",,"Scirtidae","Prionocyphon",,,,,,
"Arthropoda","Insecta",,"Diptera",,,"Stratiomyidae","Stratiomyinae","Stratiomyini","Stratiomys",,"Stratiomyidae","Stratiomys",,"Collector","Sprawler","Collector",10,"Sprawler"
"Arthropoda","Insecta",,"Plecoptera",,,"Taeniopterygidae","Brachypteryinae",,"Strophopteryx",,"Taeniopterygidae","Strophopteryx",4.22,,"Sprawler","Shredder",2,"Sprawler"
"Arthropoda","Insecta",,"Odonata","Anisoptera",,"Gomphidae",,,"Stylogomphus",,"Gomphidae","Stylogomphus",5.78,"Predator","Burrower","Predator",1,"Burrower"
"Arthropoda","Insecta",,"Odonata","Anisoptera",,"Gomphidae",,,"Stylurus",,"Gomphidae","Stylurus",6,"Predator","Burrower","Predator",1,"Burrower"
"Arthropoda","Insecta",,"Ephemeroptera",,,"Heptageniidae",,,"Rhithrogena",,"Heptageniidae","Rhithrogena",2,"Scraper","Clinger","Scraper",4,"Clinger"
"Arthropoda","Insecta",,"Coleoptera",,,"Noteridae",,,"Suphisellus",,"Noteridae","Suphisellus",,,"Climber","Predator",5,"Burrower"
"Arthropoda","Insecta",,"Plecoptera",,,"Chloroperlidae","Chloroperlinae",,"Suwallia",,"Chloroperlidae","Suwallia",2,"Predator","Clinger","Predator",1,"Clinger"
"Arthropoda","Insecta",,"Plecoptera",,,"Chloroperlidae","Chloroperlinae",,"Sweltsa",,"Chloroperlidae","Sweltsa",4.2,"Predator","Clinger","Predator",1,"Clinger"
"Arthropoda","Insecta",,"Diptera",,,"Ceratopogonidae","Ceratopogoninae","Sphaeromiini","Probezzia",,"Ceratopogonidae","Probezzia",6.4,"Predator","Burrower","Predator",6,"Burrower"
"Arthropoda","Malacostraca",,"Decapoda",,,"Cambaridae","Cambarinae",,"Procambarus",,"Cambaridae","Procambarus",,"Collector",,"Shredder",5,
"Arthropoda","Insecta",,"Ephemeroptera",,,"Baetidae",,,"Procloeon",,"Baetidae","Procloeon",4.4,"Collector","Swimmer","Collector",4,"Swimmer"
"Arthropoda","Insecta",,"Odonata","Anisoptera",,"Gomphidae",,,"Progomphus",,"Gomphidae","Progomphus",4,"Predator","Burrower","Predator",1,"Burrower"
"Arthropoda","Insecta",,"Diptera",,,"Simuliidae",,"Prosimuliini","Prosimulium",,"Simuliidae","Prosimulium",5,"Filterer","Clinger","Filterer",6,"Clinger"
"Arthropoda","Insecta",,"Trichoptera",,,"Rhyacophilidae",,,"Rhyacophila",,"Rhyacophilidae","Rhyacophila",4.4,"Predator","Clinger","Predator",0,"Clinger"
"Arthropoda","Insecta",,"Odonata","Anisoptera",,"Libellulidae",,,"Sympetrum",,"Libellulidae","Sympetrum",6,"Predator","Sprawler","Predator",9,"Sprawler"
"Arthropoda","Insecta",,"Plecoptera",,,"Nemouridae","Nemourinae",,"Prostoia",,"Nemouridae","Prostoia",4.89,"Shredder","Sprawler","Shredder",2,"Sprawler"
"Nemertea","Enopla",,"Hoplonemertea",,,"Tetrastemmatidae",,,"Prostoma",,"Tetrastemmatidae","Prostoma",,,,,,
"Arthropoda","Insecta",,"Diptera",,,"Tanyderidae",,,"Protoplasa","Protoplasa fitchii","Tanyderidae","Protoplasa fitchii",,,"Sprawler","Collector",7,"Sprawler"
"Arthropoda","Insecta",,"Trichoptera",,,"Glossosomatidae","Protoptilinae",,"Protoptila",,"Glossosomatidae","Protoptila",,"Scraper","Clinger","Scraper",0,"Clinger"
"Arthropoda","Insecta",,"Ephemeroptera",,,"Ephemerellidae",,,"Serratella",,"Ephemerellidae","Serratella",4.4,"Collector","Clinger","Collector",4,"Clinger"
"Arthropoda","Insecta",,"Diptera",,,"Ceratopogonidae","Ceratopogoninae",,"Serromyia",,"Ceratopogonidae","Serromyia",,"Predator","Burrower","Predator",6,"Burrower"
"Arthropoda","Insecta",,"Trichoptera",,,"Leptoceridae","Leptocerinae",,"Setodes",,"Leptoceridae","Setodes",4,"Collector","Sprawler","Collector",4,
"Arthropoda","Insecta",,"Plecoptera",,,"Nemouridae","Nemourinae",,"Shipsa",,"Nemouridae","Shipsa",2,"Shredder","Sprawler","Shredder",2,"Sprawler"
"Arthropoda","Insecta",,"Megaloptera",,,"Sialidae",,,"Sialis",,"Sialidae","Sialis",6.4,"Predator","Burrower","Predator",4,"Burrower"
"Arthropoda","Insecta",,"Coleoptera",,,"Psephenidae",,,"Psephenus",,"Psephenidae","Psephenus",4.6,"Scraper","Clinger","Scraper",4,"Clinger"
"Arthropoda","Insecta",,"Hemiptera",,,"Corixidae",,,"Sigara",,"Corixidae","Sigara",,"Predator","Swimmer","Predator",5,"Swimmer"
"Arthropoda","Insecta",,"Ephemeroptera",,,"Baetidae",,,"Pseudocloeon",,"Baetidae","Labiobaetis",6,"Scraper","Swimmer","Collector",4,"Swimmer"
"Arthropoda","Insecta",,"Diptera",,,"Simuliidae",,,"Simulium",,"Simuliidae","Simulium",7,"Filterer","Clinger","Filterer",6,"Clinger"
"Arthropoda","Insecta",,"Ephemeroptera",,,"Siphlonuridae",,,"Siphlonurus",,"Siphlonuridae","Siphlonurus",6,"Collector","Swimmer","Collector",7,"Swimmer"
"Arthropoda","Insecta",,"Ephemeroptera",,,"Metretopodidae",,,"Siphloplecton",,"Metretopodidae","Siphloplecton",,"Collector","Swimmer","Collector",,"Swimmer"
"Arthropoda","Insecta",,"Neuroptera",,,"Sisyridae",,,"Sisyra",,"Sisyridae","Sisyra",,"Predator","Climber","Predator",3,"Climber"
"Arthropoda","Insecta",,"Diptera",,,"Tabanidae","Tabaninae","Tabanini","Tabanus",,"Tabanidae","Tabanus",5.56,"Predator","Sprawler","Predator",6,"Sprawler"
"Arthropoda","Insecta",,"Plecoptera",,,"Taeniopterygidae","Brachypteryinae",,"Taenionema","Taenionema atlanticum","Taeniopterygidae","Taenionema atlanticum",3,,"Sprawler","Shredder",2,"Sprawler"
"Arthropoda","Insecta",,"Plecoptera",,,"Taeniopterygidae","Taeniopteryginae",,"Taeniopteryx",,"Taeniopterygidae","Taeniopteryx",5,"Shredder","Sprawler","Shredder",2,"Sprawler"
"Arthropoda","Insecta",,"Diptera",,,"Tipulidae","Limoniinae",,"Pseudolimnophila",,"Tipulidae","Pseudolimnophila",6.2,"Predator","Burrower","Shredder",3,"Burrower"
"Arthropoda","Insecta",,"Odonata","Anisoptera",,"Corduliidae","Corduliinae",,"Somatochlora",,"Corduliidae","Somatochlora",6,"Predator","Sprawler","Predator",5,"Sprawler"
"Arthropoda","Insecta",,"Plecoptera",,,"Nemouridae","Nemourinae",,"Soyedina",,"Nemouridae","Soyedina",7.09,"Shredder","Sprawler","Shredder",2,"Sprawler"
"Arthropoda","Insecta",,"Plecoptera",,,"Peltoperlidae","Peltoperlinae",,"Tallaperla",,"Peltoperlidae","Tallaperla",3.4,"Shredder","Clinger","Shredder",2,"Clinger"
"Arthropoda","Insecta",,"Coleoptera",,,"Hydrophilidae",,,"Sperchopsis","Sperchopsis tessellata","Hydrophilidae","Sperchopsis tessellata",,,"Clinger","Predator",5,
"Arthropoda","Insecta",,"Diptera",,,"Psychodidae","Psychodinae",,"Telmatoscopus",,"Psychodidae","Telmatoscopus",,"Collector","Burrower","Collector",10,"Burrower"
"Arthropoda","Insecta",,"Trichoptera",,,"Limnephilidae","Pseudostenophylacinae",,"Pseudostenophylax",,"Limnephilidae","Pseudostenophylax",,"Shredder","Sprawler","Shredder",4,
"Mollusca","Pelecypoda",,"Veneroida",,,"Pisidiidae",,,"Sphaerium",,"Pisidiidae","Sphaerium",,"Collector","Sprawler","Filterer",8,"Sprawler"
"Arthropoda","Insecta",,"Diptera",,,"Ceratopogonidae","Ceratopogoninae","Sphaeromiini","Sphaeromias",,"Ceratopogonidae","Sphaeromias",,"Predator","Burrower","Predator",6,"Burrower"
"Arthropoda","Insecta",,"Diptera",,,"Ceratopogonidae",,,"Clinohelea",,"Ceratopogonidae","Clinohelea",,"Predator","Burrower","Predator",6,"Burrower"
"Arthropoda","Insecta",,"Ephemeroptera",,,"Baetidae",,,"Iswaeon",,"Baetidae","Iswaeon",,,,"Collector",4,"Swimmer"
"Arthropoda","Insecta",,"Ephemeroptera",,,"Heptageniidae",,,"Macdunnoa",,"Heptageniidae","Macdunnoa",,"Scraper","Clinger","Scraper",4,"Clinger"
"Arthropoda","Insecta",,"Coleoptera",,,"Dytiscidae",,,"Laccodytes",,"Dytiscidae","Laccodytes",,"Predator",,"Predator",6,"Swimmer"
"Arthropoda","Insecta",,"Coleoptera",,,"Dytiscidae",,,"Nebrioporus",,"Dytiscidae","Nebrioporus",,"Predator","Swimmer","Predator",6,"Swimmer"
"Arthropoda","Insecta",,"Coleoptera",,,"Dytiscidae","Hydroporinae","Hydroporini","Hydrocolus",,"Dytiscidae","Hydrocolus",,"Predator","Swimmer","Predator",6,"Swimmer"
"Arthropoda","Insecta",,"Coleoptera",,,"Dytiscidae","Hydroporinae","Hydroporini","Neoporus",,"Dytiscidae","Neoporus",,,"Swimmer","Predator",6,"Swimmer"
"Arthropoda","Insecta",,"Coleoptera",,,"Dytiscidae","Hydroporinae","Hydroporini","Heterosternuta",,"Dytiscidae","Heterosternuta",,"Predator","Swimmer","Predator",6,"Swimmer"
"Arthropoda","Insecta",,"Coleoptera",,,"Curculionidae",,,"Tanysphyrus",,"Curculionidae","Tanysphyrus",,"Shredder","Clinger","Shredder",5,
"Arthropoda","Insecta",,"Diptera",,,"Empididae","Clinocerinae",,"Trichoclinocera",,"Empididae","Trichoclinocera",6,"Predator","Clinger","Predator",6,"Sprawler"
"Arthropoda","Insecta",,"Hemiptera",,,"Corixidae",,,"Trichocorixa",,"Corixidae","Trichocorixa",,"Predator","Swimmer","Predator",5,"Swimmer"
"Arthropoda","Insecta",,"Ephemeroptera",,,"Leptohyphidae",,,"Tricorythodes",,"Leptohyphidae","Tricorythodes",6.6,"Collector","Sprawler","Collector",4,"Sprawler"
"Arthropoda","Insecta",,"Coleoptera",,,"Hydrophilidae",,,"Tropisternus",,"Hydrophilidae","Tropisternus",,"Predator","Climber","Predator",5,
"Arthropoda","Insecta",,"Diptera",,,"Tipulidae",,,"Ulomorpha",,"Tipulidae","Ulomorpha",,"Predator","Burrower","Shredder",3,"Burrower"
"Arthropoda","Insecta",,"Plecoptera",,,"Chloroperlidae",,,"Utaperla",,"Chloroperlidae","Utaperla",2,,,"Predator",1,"Clinger"
"Arthropoda","Insecta",,"Coleoptera",,,"Dytiscidae",,,"Uvarus",,"Dytiscidae","Uvarus",,"Predator","Swimmer","Predator",6,"Swimmer"
"Arthropoda","Insecta",,"Diptera",,,"Empididae","Clinocerinae",,"Wiedemannia",,"Empididae","Wiedemannia",,"Predator","Clinger","Predator",6,"Sprawler"
"Arthropoda","Insecta",,"Trichoptera",,,"Philopotamidae","Philopotaminae",,"Wormaldia",,"Philopotamidae","Wormaldia",4.4,"Filterer","Clinger","Collector",3,"Clinger"
"Arthropoda","Insecta",,"Plecoptera",,,"Perlodidae","Perlodinae","Perlodini","Yugus",,"Perlodidae","Yugus",4,"Predator","Clinger","Predator",2,"Clinger"
"Arthropoda","Insecta",,"Plecoptera",,,"Nemouridae",,,"Zapada",,"Nemouridae","Zapada",,"Shredder","Sprawler","Shredder",2,"Sprawler"
"Arthropoda","Insecta",,"Plecoptera",,,"Leuctridae","Leuctrinae",,"Zealeuctra",,"Leuctridae","Zealeuctra",,,"Sprawler","Shredder",0,
"Arthropoda","Insecta",,"Plecoptera",,,"Leuctridae",,,"Megaleuctra",,"Leuctridae","Megaleuctra",,"Shredder",,"Shredder",0,
"Arthropoda","Insecta",,"Trichoptera",,,"Brachycentridae",,,"Adicrophleps","Adicrophleps hitchcocki","Brachycentridae","Adicrophleps hitchcocki",,,"Clinger","Filterer",1,"Clinger"
"Arthropoda","Insecta",,"Plecoptera",,,"Perlodidae","Perlodinae","Perlodini","Helopicus",,"Perlodidae","Helopicus",,"Predator","Clinger","Predator",2,"Clinger"
"Arthropoda","Insecta",,"Trichoptera",,,"Hydropsychidae","Diplectroninae",,"Homoplectra",,"Hydropsychidae","Homoplectra",,"Filterer","Clinger","Filterer",6,"Clinger"
"Arthropoda","Insecta",,"Ephemeroptera",,,"Neoephemeridae",,,"Neoephemera",,"Neoephemeridae","Neoephemera",4,"Collector","Sprawler","Collector",3,"Sprawler"
"Arthropoda","Insecta",,"Odonata","Anisoptera",,"Petaluridae",,,"Tachopteryx","Tachopteryx thoreyi","Petaluridae","Tachopteryx thoreyi",,"Predator","Sprawler","Predator",4,"Sprawler"
"Arthropoda","Insecta",,"Coleoptera",,,"Hydrophilidae",,,"Derallus","Derallus altus","Hydrophilidae","Derallus altus",,,"Swimmer","Predator",5,
"Arthropoda","Insecta",,"Coleoptera",,,"Dytiscidae",,,"Sanfilippodytes",,"Dytiscidae","Sanfilippodytes",,"Predator","Swimmer","Predator",6,"Swimmer"
"Arthropoda","Insecta",,"Diptera",,,"Tipulidae",,,"Arctoconopa",,"Tipulidae","Arctoconopa",,,"Burrower","Shredder",3,"Burrower"
"Arthropoda","Insecta",,"Hemiptera",,,"Belostomatidae",,,"Benacus","Benacus griseus","Belostomatidae","Benacus griseus",,"Predator","Climber","Predator",6,"Climber"
"Arthropoda","Insecta",,"Diptera",,,"Ptychopteridae",,,"Bittacomorphella",,"Ptychopteridae","Bittacomorphella",,"Collector","Burrower","Collector",8,"Burrower"
"Arthropoda","Insecta",,"Plecoptera",,,"Taeniopterygidae",,,"Bolotoperla","Bolotoperla rossi","Taeniopterygidae","Bolotoperla rossi",,,,"Shredder",2,"Sprawler"
"Arthropoda","Insecta",,"Coleoptera",,,"Dytiscidae",,,"Brachyvatus",,"Dytiscidae","Brachyvatus",,"Predator","Swimmer","Predator",6,"Swimmer"
"Arthropoda","Insecta",,"Odonata","Anisoptera",,"Aeshnidae",,,"Coryphaeschna",,"Aeshnidae","Coryphaeschna",,"Predator","Climber","Predator",3,"Climber"
"Arthropoda","Insecta",,"Diptera",,,"Tabanidae","Tabaninae",,"Diachlorus",,"Tabanidae","Diachlorus",,,,"Predator",6,"Sprawler"
"Arthropoda","Insecta",,"Coleoptera",,,"Psephenidae",,,"Dicranopselaphus",,"Psephenidae","Dicranopselaphus",,"Scraper","Clinger","Scraper",4,"Clinger"
"Arthropoda","Insecta",,"Diptera",,,"Tipulidae","Limoniinae",,"Epiphragma",,"Tipulidae","Epiphragma",6,,"Burrower","Shredder",3,"Burrower"
"Arthropoda","Insecta",,"Trichoptera",,,"Sericostomatidae",,,"Fattigia","Fattigia pele","Sericostomatidae","Fattigia pele",,"Shredder","Sprawler","Shredder",1,"Sprawler"
"Arthropoda","Insecta",,"Trichoptera",,,"Philopotamidae",,,"Fumonta",,"Philopotamidae","Fumonta",,,,"Collector",3,"Clinger"
"Arthropoda","Insecta",,"Trichoptera",,,"Goeridae","Goerinae",,"Goerita",,"Goeridae","Goerita",,"Scraper","Clinger","Scraper",0,"Clinger"
"Arthropoda","Insecta",,"Plecoptera",,,"Perlidae","Acroneuriinae",,"Hansonoperla",,"Perlidae","Hansonoperla",,,"Clinger","Predator",1,"Clinger"
"Arthropoda","Insecta",,"Diptera",,,"Stratiomyidae",,,"Hedriodiscus",,"Stratiomyidae","Hedriodiscus",,"Scraper","Climber","Collector",10,"Sprawler"
"Arthropoda","Insecta",,"Coleoptera",,,"Dytiscidae","Colymbetinae",,"Hoperius","Hoperius planatus","Dytiscidae","Hoperius planatus",,"Predator","Swimmer","Predator",6,"Swimmer"
"Arthropoda","Insecta",,"Trichoptera",,,"Limnephilidae",,,"Leptophylax","Leptophylax gracilis","Limnephilidae","Leptophylax gracilis",,,,"Shredder",4,
"Arthropoda","Insecta",,"Diptera",,,"Muscidae",,,"Lispoides","Lispoides aequifrons","Muscidae","Lispoides aequifrons",,,"Sprawler","Predator",8,"Sprawler"
"Arthropoda","Insecta",,"Trichoptera",,,"Apataniidae",,,"Manophylax",,"Apataniidae","Manophylax",,"Scraper","Clinger","Scraper",1,
"Arthropoda","Insecta",,"Diptera",,,"Tabanidae",,,"Merycomyia",,"Tabanidae","Merycomyia",,,"Sprawler","Predator",6,"Sprawler"
"Arthropoda","Insecta",,"Diptera",,,"Nymphomyiidae",,,"Nymphomyia",,"Nymphomyiidae","Nymphomyia",,"Scraper","Clinger",,,"Clinger"
"Arthropoda","Insecta",,"Trichoptera",,,"Hydroptilidae",,,"Paucicalcaria",,"Hydroptilidae","Paucicalcaria",,,,"Scraper",6,"Clinger"
"Arthropoda","Insecta",,"Ephemeroptera",,,"Ephemerellidae",,,"Penelomax","Penelomax septentrionalis","Ephemerellidae","Penelomax septentrionalis",,,,"Collector",4,"Clinger"
"Arthropoda","Insecta",,"Ephemeroptera",,,,,,"Pseudiron","Pseudiron centralis","Pseudironidae","Pseudiron centralis",,"Predator","Sprawler","Predator",,"Sprawler"
"Arthropoda","Insecta",,"Trichoptera",,,"Odontoceridae",,,"Pseudogoera","Pseudogoera singularis","Odontoceridae","Pseudogoera singularis",,"Predator","Sprawler","Scraper",0,"Sprawler"
"Arthropoda","Insecta",,"Odonata","Anisoptera",,"Aeshnidae",,,"Remartina",,"Aeshnidae","Remartina",,"Predator","Climber","Predator",3,"Climber"
"Arthropoda","Insecta",,"Diptera",,,"Empididae","Empidinae",,"Rhamphomyia",,"Empididae","Rhamphomyia",,"Predator","Sprawler","Predator",6,"Sprawler"
"Arthropoda","Insecta",,"Odonata","Anisoptera",,"Aeshnidae",,,"Rhionaeschna",,"Aeshnidae","Rhionaeschna",,"Predator","Climber","Predator",3,"Climber"
"Arthropoda","Insecta",,"Diptera",,,"Muscidae",,,"Spilogona",,"Muscidae","Spilogona",,,,"Predator",8,"Sprawler"
"Arthropoda","Insecta",,"Coleoptera",,,"Noteridae",,,"Suphis","Suphis inflatus","Noteridae","Suphis inflatus",,,"Climber","Predator",5,"Burrower"
"Arthropoda","Insecta",,"Ephemeroptera",,,"Ephemerellidae",,,"Teloganopsis",,"Ephemerellidae","Teloganopsis deficiens",3.6,"Collector","Clinger","Collector",4,"Clinger"
"Arthropoda","Insecta",,"Plecoptera",,,"Peltoperlidae",,,"Viehoperla","Viehoperla ada","Peltoperlidae","Viehoperla ada",,,,"Shredder",2,"Clinger"
"Arthropoda","Insecta",,"Ephemeroptera",,,"Behningiidae",,,"Dolania","Dolania americana","Behningiidae","Dolania americana",,"Predator","Burrower","Predator",,"Burrower"
"Arthropoda","Insecta",,"Diptera",,,"Empididae",,,"Heleodromia","Heleodromia pullata","Empididae","Heleodromia pullata",,,,"Predator",6,"Sprawler"
"Arthropoda","Insecta",,"Plecoptera",,,"Perlodidae","Perlodinae","Perlodini","Oconoperla","Oconoperla innubila","Perlodidae","Oconoperla innubila",,,,"Predator",2,"Clinger"
"Arthropoda","Insecta",,"Ephemeroptera",,,"Ephemerellidae",,,"Tsalia","Tsalia berneri","Ephemerellidae","Tsalia berneri",,,,"Collector",4,"Clinger"
"Arthropoda","Insecta",,"Coleoptera",,,"Scirtidae",,,"Sacodes",,"Scirtidae","Sacodes",,,,,,
"Arthropoda","Insecta",,"Ephemeroptera",,,"Leptophlebiidae",,,"Neoleptophlebia sp.",,"Leptophlebiidae","Neoleptophlebia",4,"Collector","Swimmer","Collector",2,"Swimmer"
"Arthropoda","Insecta",,"Hemiptera",,,"Gerridae",,,,,"Gerridae","Gerridae",,,,"Predator",8,
"Arthropoda","Insecta",,"Diptera",,,"Tabanidae",,,,,"Tabanidae","Tabanidae",6,"Predator","Sprawler","Predator",6,"Sprawler"
"Annelida","Clitellata","Hirudinea",,,,"Glossiphoniidae",,,,,"Glossiphoniidae","Glossiphoniidae",,"Predator",,,8,
"Mollusca","Gastropoda",,"Basommatophora",,,"Viviparidae",,,,,"Viviparidae","Viviparidae",5.96,"Scraper",,"Scraper",3,
"Arthropoda","Insecta",,"Trichoptera",,,"Helicopsychidae",,,,,"Helicopsychidae","Helicopsychidae",4.6,"Scraper","Clinger","Shredder",3,"Clinger"
"Arthropoda","Insecta",,"Ephemeroptera",,,"Leptohyphidae",,,,,"Leptohyphidae","Leptohyphidae",6,"Collector","Sprawler","Collector",4,"Sprawler"
"Arthropoda","Insecta",,"Trichoptera",,,"Dipseudopsidae",,,,,"Dipseudopsidae","Dipseudopsidae",6.4,"Filterer","Burrower","Filterer",,"Burrower"
"Arthropoda","Insecta",,"Ephemeroptera",,,"Behningiidae",,,,,"Behningiidae","Behningiidae",,"Predator","Burrower","Predator",,"Burrower"
"Nemertea","Enopla",,"Hoplonemertea",,,"Tetrastemmatidae",,,,,"Tetrastemmatidae","Tetrastemmatidae",,,,,,
"Arthropoda","Insecta",,"Diptera",,,"Canacidae",,,,,"Canacidae","Canacidae",,"Scraper","Burrower","Scraper",7,"Burrower"
"Arthropoda","Insecta",,"Diptera",,,"Nymphomyiidae",,,,,"Nymphomyiidae","Nymphomyiidae",,"Scraper","Clinger",,,"Clinger"
"Arthropoda","Insecta",,"Diptera",,,"Pelecorhynchidae",,,,,"Pelecorhynchidae","Pelecorhynchidae",,"Predator",,"Predator",,
"Arthropoda","Insecta",,"Ephemeroptera",,,"Oligoneuriidae",,,,,"Oligoneuriidae","Oligoneuriidae",,"Collector","Burrower","Filterer",,"Burrower"
"Arthropoda","Insecta",,"Ephemeroptera",,,,,,,,"Palingeniidae","Palingeniidae",,"Collector","Burrower","Collector",,"Burrower"
"Arthropoda","Insecta",,"Ephemeroptera",,,,,,,,"Pseudironidae","Pseudironidae",,"Predator","Sprawler","Predator",,"Sprawler"
"Arthropoda","Insecta",,"Trichoptera",,,"Beraeidae",,,,,"Beraeidae","Beraeidae",,"Collector","Sprawler","Collector",,"Sprawler"
"Arthropoda","Insecta",,"Hemiptera",,,"Hebridae",,,,,"Hebridae","Hebridae",,,,"Predator",5,"Climber"
"Arthropoda","Insecta",,"Trichoptera",,,"Glossosomatidae",,,,,"Glossosomatidae","Matroptila jeanae",,"Scraper","Clinger","Scraper",0,"Clinger"
"Arthropoda","Insecta",,"Odonata","Zygoptera",,"Coenagrionidae",,,,,"Protoneuridae","Protoneuridae",,,,"Predator",5,"Climber"
"Arthropoda","Insecta",,"Odonata","Anisoptera",,"Petaluridae",,,,,"Petaluridae","Petaluridae",,"Predator","Sprawler","Predator",4,"Sprawler"
"Arthropoda","Insecta",,"Diptera",,,"Thaumaleidae",,,,,"Thaumaleidae","Thaumaleidae",,"Scraper","Clinger","Scraper",,"Clinger"
"Arthropoda","Insecta",,"Diptera",,,"Canacidae",,,,,"Canacidae","Canace",,"Scraper","Burrower","Scraper",7,"Burrower"
"Arthropoda","Insecta",,"Trichoptera",,,"Polycentropodidae","Polycentropodinae",,,,"Polycentropodidae","Holocentropus",,"Predator","Clinger","Filterer",6,"Clinger"
"Arthropoda","Insecta",,"Diptera",,,"Psychodidae","Psychodinae",,,,"Psychodidae","Pericomaini",8,"Collector","Burrower","Collector",10,"Burrower"
"Arthropoda","Insecta",,"Ephemeroptera",,,"Neoephemeridae",,,,,"Neoephemeridae","Neoephemeridae",4,"Collector","Sprawler","Collector",3,"Sprawler"
"Arthropoda","Insecta",,"Hemiptera",,,"Gelastocoridae",,,,,"Gelastocoridae","Gelastocoridae",,,,"Predator",5,"Sprawler"
"Arthropoda","Insecta",,"Coleoptera",,,"Lutrochidae",,,,,"Lutrochidae","Lutrochidae",,,"Burrower","Scraper",5,"Burrower"
"Arthropoda","Insecta",,"Coleoptera",,,"Hydraenidae",,,,,"Hydraenidae","Hydraenidae",,"Predator","Clinger","Predator",5,"Clinger"
"Arthropoda","Insecta",,"Odonata","Anisoptera",,"Gomphidae",,,,,"Gomphidae","Stenogomphurus",,"Predator","Burrower","Predator",1,"Burrower"
"Arthropoda","Insecta",,"Diptera",,,"Psychodidae","Psychodinae",,,,"Psychodidae","Psychodini",,"Collector","Burrower","Collector",10,"Burrower"
"Arthropoda","Insecta",,"Ephemeroptera",,,"Caenidae",,,,,"Caenidae","Susperatus",,"Collector","Sprawler","Collector",4,"Sprawler"
"Arthropoda","Insecta",,"Ephemeroptera",,,"Caenidae",,,,,"Caenidae","Sparbarus",,"Collector","Sprawler","Collector",4,"Sprawler"
"Arthropoda","Insecta",,"Odonata","Anisoptera",,"Gomphidae",,,,,"Gomphidae","Phanogomphus",,"Predator","Burrower","Predator",1,"Burrower"
"Arthropoda","Insecta",,"Ephemeroptera",,,"Baetidae",,,,,"Baetidae","Anafroptilum",,"Collector","Swimmer","Collector",4,"Swimmer"
"Arthropoda","Insecta",,"Ephemeroptera",,,"Metretopodidae",,,,,"Metretopodidae","Metretopodidae",,"Collector","Swimmer","Collector",,"Swimmer"
"Arthropoda","Insecta",,"Diptera",,,"Ceratopogonidae","Ceratopogoninae",,,,"Ceratopogonidae","Ceratopogoninae",7.02,"Predator","Burrower","Predator",6,"Burrower"
"Arthropoda","Insecta",,"Trichoptera",,,"Polycentropodidae","Polycentropodinae",,,,"Polycentropodidae","Plectrocnemia",,"Predator","Clinger","Filterer",6,"Clinger"
"Arthropoda","Insecta",,"Odonata","Anisoptera",,"Gomphidae",,,,,"Gomphidae","Hylogomphus",,"Predator","Burrower","Predator",1,"Burrower"
"Arthropoda","Insecta",,"Ephemeroptera",,,"Baetidae",,,,,"Baetidae","Neocloeon",,"Collector","Swimmer","Collector",4,"Swimmer"
"Arthropoda","Insecta",,"Odonata","Anisoptera",,"Gomphidae",,,,,"Gomphidae","Gomphurus",,"Predator","Burrower","Predator",1,"Burrower"
"Arthropoda","Insecta",,"Odonata","Anisoptera",,"Corduliidae","Macromiinae",,,,"Macromiidae","Macromiinae",6,"Predator","Sprawler","Predator",3,"Sprawler"
"Arthropoda","Insecta",,"Coleoptera",,,"Gyrinidae",,,,,"Gyrinidae","Gyrinidae",6,"Predator","Swimmer","Predator",5,"Swimmer"
"Annelida","Clitellata","Oligochaeta",,,,"Lumbricidae",,,,,"Lumbricidae","Lumbricidae",,"Collector","Burrower","Collector",10,"Burrower"
"Arthropoda","Malacostraca",,"Decapoda",,,"Palaemonidae",,,,,"Palaemonidae","Palaemonidae",,,,,5,
"Arthropoda","Insecta",,"Lepidoptera",,,"Crambidae",,,,,"Crambidae","Crambidae",6,"Shredder","Climber","Shredder",5,"Climber"
"Arthropoda","Insecta",,"Coleoptera",,,"Haliplidae",,,,,"Haliplidae","Haliplidae",,"Shredder","Climber","Shredder",7,"Climber"
"Arthropoda","Insecta",,"Diptera",,,"Athericidae",,,,,"Athericidae","Athericidae",4.6,"Predator","Sprawler","Predator",2,"Sprawler"
"Arthropoda","Insecta",,"Hemiptera",,,"Corixidae",,,,,"Corixidae","Corixidae",6.3,"Predator","Swimmer","Predator",5,"Swimmer"
"Arthropoda","Insecta",,"Coleoptera",,,"Dryopidae",,,,,"Dryopidae","Dryopidae",,"Shredder","Clinger","Shredder",5,"Clinger"
"Arthropoda","Insecta",,"Diptera",,,"Chironomidae",,,,,"Chironomidae (B)","Chironomidae (B)",,,,"Collector",9,"Burrower"
"Arthropoda","Insecta",,"Coleoptera",,,"Hydrophilidae",,,,,"Hydrophilidae","Hydrophilidae",5.78,"Predator",,"Predator",5,
"Arthropoda","Insecta",,"Odonata","Anisoptera",,"Libellulidae",,,,,"Libellulidae","Libellulidae",5.5,"Predator","Sprawler","Predator",9,"Sprawler"
"Arthropoda","Insecta",,"Plecoptera",,,"Pteronarcyidae","Pteronarcyinae","Pteronarcyini",,,"Pteronarcyidae","Pteronarcyidae",3.8,"Shredder","Clinger","Shredder",0,"Clinger"
"Mollusca","Gastropoda",,"Basommatophora",,,"Lymnaeidae",,,,,"Lymnaeidae","Lymnaeidae",9.73,"Scraper",,"Scraper",7,
"Arthropoda","Insecta",,"Plecoptera",,,"Peltoperlidae",,,,,"Peltoperlidae","Peltoperlidae",3.4,"Shredder","Clinger","Shredder",2,"Clinger"
"Arthropoda","Insecta",,"Diptera",,,"Ceratopogonidae","Ceratopogoninae","Palpomyiini",,,"Ceratopogonidae","Bezzia/Palpomyia",5.33,"Predator","Burrower","Predator",6,"Burrower"
"Arthropoda","Insecta",,"Trichoptera",,,,,,,,"Trichoptera","Trichoptera",,,,,,
"Arthropoda","Insecta",,"Trichoptera",,,"Glossosomatidae",,,,,"Glossosomatidae","Glossosomatidae",4,"Scraper","Clinger","Scraper",0,"Clinger"
"Arthropoda","Malacostraca",,"Amphipoda",,,"Talitridae",,,,,"Talitridae","Talitridae",6,"Collector","Swimmer","Collector",8,"Swimmer"
"Arthropoda","Insecta",,"Trichoptera",,,"Polycentropodidae",,,,,"Polycentropodidae","Polycentropodidae",6,"Filterer","Clinger","Filterer",6,"Clinger"
"Arthropoda","Insecta",,"Ephemeroptera",,,,,,,,"Ephemeroptera","Ephemeroptera",,,,"Collector",,
"Arthropoda","Insecta",,"Trichoptera",,,"Rhyacophilidae",,,,,"Rhyacophilidae","Rhyacophilidae",,"Predator","Clinger","Predator",0,"Clinger"
"Arthropoda","Insecta",,"Trichoptera",,,"Hydroptilidae",,,,,"Hydroptilidae","Hydroptilidae",6,"Scraper","Clinger","Scraper",6,"Clinger"
"Arthropoda","Insecta",,"Diptera",,,"Ceratopogonidae",,,,,"Ceratopogonidae","Ceratopogonidae",7.02,"Predator","Burrower","Predator",6,"Burrower"
"Arthropoda","Insecta",,"Trichoptera",,,"Leptoceridae",,,,,"Leptoceridae","Leptoceridae",5,"Collector",,"Collector",4,
"Arthropoda","Insecta",,"Trichoptera",,,"Brachycentridae",,,,,"Brachycentridae","Brachycentridae",4,,"Clinger","Filterer",1,"Clinger"
"Arthropoda","Insecta",,"Coleoptera",,,"Dytiscidae",,,,,"Dytiscidae","Dytiscidae",5.8,"Predator","Swimmer","Predator",6,"Swimmer"
"Arthropoda","Insecta",,"Plecoptera",,,"Chloroperlidae",,,,,"Chloroperlidae","Chloroperlidae",4,"Predator","Clinger","Predator",1,"Clinger"
"Arthropoda","Insecta",,"Odonata","Zygoptera",,"Calopterygidae",,,,,"Calopterygidae","Calopterygidae",6,"Predator","Climber","Predator",5,"Climber"
"Arthropoda","Insecta",,"Ephemeroptera",,,"Caenidae",,,,,"Caenidae","Caenidae",6,"Collector","Sprawler","Collector",4,"Sprawler"
"Annelida","Clitellata","Oligochaeta",,,,"Tubificidae",,,,,"Tubificidae","Tubificidae",,"Collector","Burrower","Collector",10,"Burrower"
"Arthropoda","Insecta",,"Diptera",,,"Empididae",,,,,"Empididae","Empididae",5.96,"Predator","Sprawler","Predator",6,"Sprawler"
"Arthropoda","Insecta",,"Trichoptera",,,"Limnephilidae",,,,,"Limnephilidae","Limnephilidae",5.96,"Shredder",,"Shredder",4,
"Arthropoda","Insecta",,"Odonata","Anisoptera",,"Aeshnidae",,,,,"Aeshnidae","Aeshnidae",5.78,"Predator","Climber","Predator",3,"Climber"
"Arthropoda","Insecta",,"Plecoptera",,,"Leuctridae",,,,,"Leuctridae","Leuctridae",6.2,"Shredder","Sprawler","Shredder",0,
"Mollusca","Pelecypoda",,"Veneroida",,,"Corbiculidae",,,,,"Corbiculidae","Corbiculidae",8.2,"Filterer","Sprawler","Filterer",8,"Sprawler"
"Mollusca","Gastropoda",,"Basommatophora",,,"Hydrobiidae",,,,,"Hydrobiidae","Hydrobiidae",5.2,"Scraper",,"Scraper",3,
"Arthropoda","Malacostraca",,"Amphipoda",,,"Crangonyctidae",,,,,"Crangonyctidae","Crangonyctidae",,"Collector","Swimmer","Collector",6,"Swimmer"
"Arthropoda","Insecta",,"Plecoptera",,,,,,,,"Plecoptera","Plecoptera",,,,,,
"Arthropoda","Insecta",,"Plecoptera",,,"Taeniopterygidae",,,,,"Taeniopterygidae","Taeniopterygidae",6,"Shredder","Sprawler","Shredder",2,"Sprawler"
"Arthropoda","Insecta",,"Plecoptera",,,"Nemouridae",,,,,"Nemouridae","Nemouridae",6.6,"Shredder","Sprawler","Shredder",2,"Sprawler"
"Arthropoda","Insecta",,"Plecoptera",,,"Perlodidae",,,,,"Perlodidae","Perlodidae",5,"Predator","Clinger","Predator",2,"Clinger"
"Mollusca","Gastropoda",,"Basommatophora",,,"Planorbidae",,,,,"Planorbidae","Planorbidae",8,"Scraper",,"Scraper",7,
"Arthropoda","Insecta",,"Odonata","Zygoptera",,"Coenagrionidae",,,,,"Coenagrionidae","Coenagrionidae",6.8,"Predator","Climber","Predator",9,"Climber"
"Arthropoda","Insecta",,"Plecoptera",,,"Capniidae",,,,,"Capniidae","Capniidae",5,"Shredder",,"Shredder",1,
"Arthropoda","Insecta",,"Trichoptera",,,"Hydropsychidae",,,,,"Hydropsychidae","Hydropsyche/Ceratopsyche",,"Filterer","Clinger","Filterer",6,"Clinger"
"Arthropoda","Malacostraca",,"Amphipoda",,,"Gammaridae",,,,,"Gammaridae","Gammaridae",6,"Collector","Swimmer","Collector",6,"Swimmer"
"Arthropoda","Malacostraca",,"Decapoda",,,"Cambaridae",,,,,"Cambaridae","Cambaridae",6,"Collector",,"Shredder",5,
"Platyhelminthes","Turbellaria",,"Tricladida",,,,,,,,"Tricladida","Tricladida",5.6,"Collector",,"Collector",8,
"Annelida","Clitellata","Oligochaeta",,,,"Lumbriculidae",,,,,"Lumbriculidae","Lumbriculidae",,"Collector",,"Collector",8,
"Mollusca","Gastropoda",,"Basommatophora",,,"Physidae",,,,,"Physidae","Physidae",10,"Scraper",,"Scraper",8,
"Arthropoda","Insecta",,"Coleoptera",,,"Psephenidae",,,,,"Psephenidae","Psephenidae",6,"Scraper","Clinger","Scraper",4,"Clinger"
"Arthropoda","Insecta",,"Megaloptera",,,"Corydalidae",,,,,"Corydalidae","Corydalidae",6,"Predator","Clinger","Predator",5,"Clinger"
"Arthropoda","Insecta",,"Odonata","Anisoptera",,"Gomphidae",,,,,"Gomphidae","Gomphidae",5.6,"Predator","Burrower","Predator",1,"Burrower"
"Annelida","Clitellata","Oligochaeta",,,,"Naididae",,,,,"Naididae","Naididae",,"Collector","Burrower","Collector",8,"Burrower"
"Arthropoda","Insecta",,"Trichoptera",,,"Philopotamidae",,,,,"Philopotamidae","Philopotamidae",4.6,"Filterer","Clinger","Collector",3,"Clinger"
"Mollusca","Gastropoda",,"Basommatophora",,,"Ancylidae",,,,,"Ancylidae","Ancylidae",6,"Scraper","Clinger","Scraper",6,"Clinger"
"Arthropoda","Malacostraca",,"Isopoda",,,"Asellidae",,,,,"Asellidae","Asellidae",7.4,"Collector","Sprawler","Collector",8,"Sprawler"
"Arthropoda","Insecta",,"Ephemeroptera",,,"Isonychiidae",,,,,"Isonychiidae","Isonychiidae",,"Filterer","Swimmer","Filterer",2,"Swimmer"
"Mollusca","Gastropoda",,"Basommatophora",,,"Pleuroceridae",,,,,"Pleuroceridae","Pleuroceridae",4.4,"Scraper","Clinger","Scraper",4,"Clinger"
"Arthropoda","Insecta",,"Diptera",,,"Simuliidae",,,,,"Simuliidae","Simuliidae",5.2,"Filterer","Clinger","Filterer",6,"Clinger"
"Arthropoda","Arachnida",,"Trombidiformes",,"Hydracarina",,,,,,"Hydracarina","Hydracarina",6,,,"Predator",5,
"Arthropoda","Insecta",,"Ephemeroptera",,,"Leptophlebiidae",,,,,"Leptophlebiidae","Leptophlebiidae",4.4,"Collector","Swimmer","Collector",2,"Swimmer"
"Mollusca","Pelecypoda",,"Veneroida",,,"Pisidiidae",,,,,"Pisidiidae","Pisidiidae",5.8,"Collector","Sprawler","Filterer",8,"Sprawler"
"Arthropoda","Insecta",,"Diptera",,,"Tipulidae",,,,,"Tipulidae","Tipulidae",7,"Shredder","Burrower","Shredder",3,"Burrower"
"Arthropoda","Insecta",,"Ephemeroptera",,,"Heptageniidae",,,,,"Heptageniidae","Heptageniidae",4.6,"Scraper","Clinger","Scraper",4,"Clinger"
"Arthropoda","Insecta",,"Ephemeroptera",,,"Baetidae",,,,,"Baetidae","Baetidae",5.4,"Collector","Swimmer","Collector",4,"Swimmer"
"Arthropoda","Insecta",,"Coleoptera",,,"Elmidae",,,,,"Elmidae","Elmidae",4.8,"Collector","Clinger","Scraper",4,"Clinger"
"Annelida","Clitellata","Oligochaeta",,,,,,,,,"Oligochaeta","Oligochaeta",8.8,"Collector",,"Collector",6,"Burrower"
"Arthropoda","Insecta",,"Ephemeroptera",,,"Ephemerellidae",,,,,"Ephemerellidae","Ephemerellidae",4.4,"Collector","Clinger","Collector",4,"Clinger"
"Arthropoda","Insecta",,"Plecoptera",,,"Perlidae",,,,,"Perlidae","Perlidae",4.6,"Predator","Clinger","Predator",1,"Clinger"
"Arthropoda","Insecta",,"Neuroptera",,,"Sisyridae",,,,,"Sisyridae","Sisyridae",,"Predator","Climber","Predator",3,"Climber"
"Annelida","Clitellata","Hirudinea",,,,"Piscicolidae",,,,,"Piscicolidae","Piscicolidae",,,,,7,
"Arthropoda","Insecta",,"Diptera",,,"Psychodidae",,,,,"Psychodidae","Pericoma/Telmatoscopus",,"Collector","Burrower","Collector",10,"Burrower"
"Arthropoda","Insecta",,"Coleoptera",,,"Chrysomelidae",,,,,"Chrysomelidae","Chrysomelidae",,"Shredder",,"Shredder",5,
"Arthropoda","Insecta",,"Diptera",,,"Chironomidae",,,,,"Chironomidae","Chironomidae",6.4,,,"Collector",6,
"Arthropoda","Insecta",,"Trichoptera",,,"Hydropsychidae",,,,,"Hydropsychidae","Hydropsychidae",5.4,"Filterer","Clinger","Filterer",6,"Clinger"
"Arthropoda","Insecta",,"Diptera",,,"Syrphidae",,,,,"Syrphidae","Syrphidae",,"Collector","Burrower","Collector",10,"Burrower"
"Arthropoda","Insecta",,"Diptera",,,"Phoridae",,,,,"Phoridae","Phoridae",,,"Burrower","Collector",,"Burrower"
"Arthropoda","Insecta",,"Odonata","Zygoptera",,,,,,,"Zygoptera","Zygoptera",,"Predator","Climber","Predator",,"Climber"
"Arthropoda","Insecta",,"Ephemeroptera",,,"Heptageniidae",,,,,"Heptageniidae","Leucrocuta/Afghanurus",,"Scraper","Clinger","Scraper",4,"Clinger"
"Arthropoda","Insecta",,"Coleoptera",,,"Noteridae",,,,,"Noteridae","Noteridae",,"Predator","Climber","Predator",5,"Burrower"
"Arthropoda","Insecta",,"Trichoptera",,,"Apataniidae",,,,,"Apataniidae","Apataniidae",2,"Scraper","Clinger","Scraper",1,
"Arthropoda","Malacostraca",,"Decapoda",,,"Portunidae",,,,,"Portunidae","Portunidae",,"Collector",,,6,
"Arthropoda","Insecta",,"Hemiptera",,,"Naucoridae",,,,,"Naucoridae","Naucoridae",,"Predator","Clinger","Predator",5,"Clinger"
"Annelida","Clitellata","Oligochaeta","Haplotaxida",,,"Haplotaxidae",,,,,"Haplotaxidae","Haplotaxidae",,,,,8,
"Arthropoda","Insecta",,"Trichoptera",,,"Sericostomatidae",,,,,"Sericostomatidae","Sericostomatidae",,"Shredder","Sprawler","Shredder",1,"Sprawler"
"Arthropoda","Insecta",,"Hemiptera",,,"Mesoveliidae",,,,,"Mesoveliidae","Mesoveliidae",,,,"Predator",6,
"Arthropoda","Insecta",,"Hemiptera",,,"Hydrometridae",,,,,"Hydrometridae","Hydrometridae",,,,"Predator",4,
"Arthropoda","Insecta",,"Megaloptera",,,,,,,,"Megaloptera","Megaloptera",,"Predator",,,,
"Arthropoda","Insecta",,"Trichoptera",,,"Molannidae",,,,,"Molannidae","Molannidae",,"Scraper","Sprawler","Scraper",6,"Sprawler"
"Arthropoda","Insecta",,"Diptera",,,"Tanyderidae",,,,,"Tanyderidae","Tanyderidae",,,"Sprawler","Collector",7,"Sprawler"
"Arthropoda","Insecta",,"Trichoptera",,,"Limnephilidae",,,,,"Limnephilidae","Pycnopsyche/Hydatophylax",4,"Shredder","Sprawler","Shredder",4,
"Annelida","Clitellata","Oligochaeta",,,,"Enchytraeidae",,,,,"Enchytraeidae","Enchytraeidae",,"Collector","Burrower","Collector",8,"Burrower"
"Arthropoda","Insecta",,"Hemiptera",,,,,,,,"Hemiptera","Hemiptera",,,,"Predator",,
"Arthropoda","Insecta",,"Ephemeroptera",,,"Potamanthidae",,,,,"Potamanthidae","Potamanthidae",,"Collector","Burrower","Collector",4,"Burrower"
"Arthropoda","Insecta",,"Ephemeroptera",,,"Polymitarcyidae",,,,,"Polymitarcyidae","Polymitarcyidae",4,"Collector","Burrower","Collector",2,"Burrower"
"Arthropoda","Insecta",,"Diptera",,,"Muscidae",,,,,"Muscidae","Muscidae",8,"Predator","Sprawler","Predator",8,"Sprawler"
"Arthropoda","Insecta",,"Trichoptera",,,"Calamoceratidae",,,,,"Calamoceratidae","Calamoceratidae",4,"Shredder","Sprawler","Shredder",2,"Sprawler"
"Arthropoda","Insecta",,"Coleoptera",,,"Curculionidae",,,,,"Curculionidae","Curculionidae",,"Shredder",,"Shredder",5,
"Mollusca","Gastropoda",,"Basommatophora",,,"Valvatidae",,,,,"Valvatidae","Valvatidae",,"Scraper",,"Scraper",5,
"Arthropoda","Insecta",,"Diptera",,,"Ptychopteridae",,,,,"Ptychopteridae","Ptychopteridae",8,"Collector","Burrower","Collector",8,"Burrower"
"Arthropoda","Insecta",,"Coleoptera",,,"Scirtidae",,,,,"Scirtidae","Scirtidae",6.8,,,,,
"Annelida","Clitellata","Hirudinea",,,,"Erpobdellidae",,,,,"Erpobdellidae","Erpobdellidae",,"Predator",,"Predator",8,
"Arthropoda","Insecta",,"Diptera",,,"Chaoboridae",,,,,"Chaoboridae","Chaoboridae",,"Predator","Swimmer","Predator",7,"Swimmer"
"Mollusca","Pelecypoda",,,,,,,,,,"Pelecypoda","Pelecypoda",,"Filterer","Sprawler","Filterer",,"Sprawler"
"Arthropoda","Insecta",,"Odonata","Zygoptera",,"Lestidae",,,,,"Lestidae","Lestidae",,"Predator","Climber","Predator",9,"Climber"
"Arthropoda","Insecta",,"Diptera",,,"Sciomyzidae",,,,,"Sciomyzidae","Sciomyzidae",8,"Predator","Burrower","Predator",10,
"Arthropoda","Insecta",,"Diptera",,,"Dolichopodidae",,,,,"Dolichopodidae","Dolichopodidae",6,"Predator","Sprawler","Predator",4,"Sprawler"
"Arthropoda","Insecta",,"Hemiptera",,,"Belostomatidae",,,,,"Belostomatidae","Belostomatidae",8,"Predator","Climber","Predator",6,"Climber"
"Arthropoda","Insecta",,"Trichoptera",,,"Goeridae",,,,,"Goeridae","Goeridae",2,"Scraper","Clinger","Scraper",0,"Clinger"
"Arthropoda","Insecta",,"Diptera",,,"Psychodidae",,,,,"Psychodidae","Psychodidae",8,"Collector","Burrower","Collector",10,"Burrower"
"Mollusca","Gastropoda",,,,,,,,,,"Gastropoda","Gastropoda",,"Scraper",,"Scraper",,
"Porifera","Demospongiae",,"Haplosclerida",,,"Spongillidae",,,,,"Spongillidae","Spongillidae",,"Filterer",,"Filterer",2,
"Arthropoda","Insecta",,"Hemiptera",,,"Nepidae",,,,,"Nepidae","Nepidae",,"Predator","Climber","Predator",6,"Climber"
"Annelida","Clitellata","Hirudinea",,,,"Hirudinidae",,,,,"Hirudinidae","Hirudinidae",,"Predator",,,7,
"Arthropoda","Insecta",,"Diptera",,,"Stratiomyidae",,,,,"Stratiomyidae","Stratiomyidae",,"Collector","Sprawler","Collector",10,"Sprawler"
"Arthropoda","Insecta",,"Coleoptera",,,"Helodidae",,,,,"Helodidae","Helodidae",,"Scraper","Climber","Scraper",5,"Climber"
"Arthropoda","Insecta",,"Diptera",,,"Dixidae",,,,,"Dixidae","Dixidae",4,"Collector","Swimmer","Collector",1,"Swimmer"
"Arthropoda","Insecta",,"Odonata","Anisoptera",,,,,,,"Libellulidae/Corduliidae","Libellulidae/Corduliidae",6,"Predator","Sprawler","Predator",,"Sprawler"
"Arthropoda","Insecta",,"Coleoptera",,,,,,,,"Coleoptera","Coleoptera",,,,,,
"Arthropoda","Insecta",,"Ephemeroptera",,,"Ameletidae",,,,,"Ameletidae","Ameletidae",,"Collector","Swimmer","Collector",1,"Swimmer"
"Mollusca","Pelecypoda",,"Unionoida",,,"Unionidae",,,,,"Unionidae","Unionidae",6,"Filterer","Sprawler","Filterer",4,"Sprawler"
"Arthropoda","Insecta",,"Hemiptera",,,"Notonectidae",,,,,"Notonectidae","Notonectidae",,"Predator","Swimmer","Predator",5,"Swimmer"
"Arthropoda","Insecta",,"Lepidoptera",,,,,,,,"Lepidoptera","Lepidoptera",,"Shredder","Climber","Shredder",5,"Climber"
"Arthropoda","Insecta",,"Diptera",,,"Ephydridae",,,,,"Ephydridae","Ephydridae",8,"Collector","Burrower","Collector",7,"Burrower"
"Arthropoda","Insecta",,"Odonata","Anisoptera",,"Cordulegastridae",,,,,"Cordulegastridae","Cordulegastridae",,"Predator","Burrower","Predator",3,"Burrower"
"Arthropoda","Insecta",,"Trichoptera",,,"Odontoceridae",,,,,"Odontoceridae","Odontoceridae",4,"Scraper","Sprawler","Scraper",0,"Sprawler"
"Arthropoda","Insecta",,"Coleoptera",,,"Ptilodactylidae",,,,,"Ptilodactylidae","Ptilodactylidae",5.6,"Shredder","Clinger","Shredder",5,"Clinger"
"Arthropoda","Insecta",,"Ephemeroptera",,,"Baetiscidae",,,,,"Baetiscidae","Baetiscidae",4.8,"Collector","Sprawler","Collector",3,"Sprawler"
"Arthropoda","Insecta",,"Ephemeroptera",,,"Siphlonuridae",,,,,"Siphlonuridae","Siphlonuridae",,"Collector","Swimmer","Collector",7,"Swimmer"
"Arthropoda","Insecta",,"Trichoptera",,,"Uenoidae",,,,,"Uenoidae","Thremmatidae",,"Scraper",,"Scraper",3,"Clinger"
"Arthropoda","Insecta",,"Trichoptera",,,"Phryganeidae",,,,,"Phryganeidae","Phryganeidae",4,"Shredder","Climber","Shredder",4,"Climber"
"Arthropoda","Insecta",,"Trichoptera",,,"Polycentropodidae","Polycentropodinae",,,,"Polycentropodidae","Polycentropus (complex)",4,"Predator","Clinger","Filterer",6,"Clinger"
"Arthropoda","Insecta",,"Trichoptera",,,"Psychomyiidae",,,,,"Psychomyiidae","Psychomyiidae",6,"Collector","Clinger","Collector",2,"Clinger"
"Arthropoda","Insecta",,"Odonata","Anisoptera",,,,,,,"Anisoptera","Anisoptera",,"Predator",,"Predator",,
"Annelida","Clitellata","Hirudinea",,,,,,,,,"Hirudinea","Hirudinea",5.51,"Predator",,,,
"Arthropoda","Malacostraca",,"Amphipoda",,,,,,,,"Amphipoda","Amphipoda",7.45,"Collector","Swimmer","Collector",,"Swimmer"
"Arthropoda","Insecta",,"Odonata","Anisoptera",,"Corduliidae","Corduliinae",,,,"Corduliidae","Corduliidae",6,"Predator","Sprawler","Predator",5,"Sprawler"
"Annelida","Clitellata","Oligochaeta",,,,"Sparganophilidae",,,,,"Sparganophilidae","Sparganophilidae",,"Collector","Burrower","Collector",10,"Burrower"
"Arthropoda","Insecta",,"Diptera",,,"Culicidae",,,,,"Culicidae","Culicidae",8,"Filterer","Swimmer","Filterer",8,"Swimmer"
"Arthropoda","Insecta",,"Hemiptera",,,"Veliidae",,,,,"Veliidae","Veliidae",,,,"Predator",6,
"Annelida","Clitellata","Oligochaeta",,,,"Branchiobdellidae",,,,,"Branchiobdellidae","Branchiobdellidae",,"Collector",,"Collector",5,
"Arthropoda","Insecta",,"Ephemeroptera",,,"Ephemeridae",,,,,"Ephemeridae","Ephemeridae",4,"Collector","Burrower","Collector",4,"Burrower"
"Arthropoda","Insecta",,"Megaloptera",,,"Sialidae",,,,,"Sialidae","Sialidae",,"Predator","Burrower","Predator",4,"Burrower"
"Arthropoda","Insecta",,"Odonata","Zygoptera",,"Coenagrionidae",,,,,"Coenagrionidae","Coenagrion/Enallgma",6,"Predator","Climber","Predator",9,"Climber"
"Arthropoda","Insecta",,"Diptera",,,"Blephariceridae",,,,,"Blephariceridae","Blephariceridae",2.2,"Scraper","Clinger","Scraper",0,"Clinger"
"Arthropoda","Insecta",,"Trichoptera",,,"Lepidostomatidae",,,,,"Lepidostomatidae","Lepidostomatidae",4,"Shredder","Climber","Shredder",1,"Sprawler"
"Arthropoda","Insecta",,"Diptera",,,,,,,,"Diptera","Diptera",,,,,,
